STAT,ARTSC,Adv Life Contingen ACT348H1-F-LEC0101,Badescu,Andrei,Fall,2021,4.4,4.1,4.3,4,3.9,3.9,4,3.3,3.6,65,7
STAT,ARTSC,Applied Prob for Act Sci ACT350H1-F-LEC0101,Pesenti,Silvana,Fall,2021,2.6,2,1.6,2.9,2.6,1.7,2.1,3.3,1.6,37,7
STAT,ARTSC,Design&Analysis of Experiment STA305H1-F-LEC0101,Singh,Murari,Fall,2021,2.4,2.1,1.6,2.1,1.9,1.3,1.6,3.5,1.5,87,29
STAT,ARTSC,Fund Invest & Credit ACT240H1-F-LEC0101,Badescu,Andrei,Fall,2021,4.3,4.4,3.8,4,4,3.5,3.8,3.1,3.5,125,21
STAT,ARTSC,Loss Models ACT451H1-F-LEC0101,Lin,Xiaodong,Fall,2021,4.2,4.3,4.1,3.8,3.8,3.7,4.2,3.3,3.3,69,9
STAT,ARTSC,Math of Finance ACT230H1-F-LEC5101,Yang,Alex,Fall,2021,4.1,4.4,4.2,4.1,4,4,4.1,3.3,3.9,71,17
STAT,ARTSC,Math Statistics I STA452H1-F-LEC0101,Brenner,David,Fall,2021,4.1,4.1,3.6,3.6,3.6,3.2,4.2,4,3,27,11
STAT,ARTSC,Meth Multivar Data STA437H1-F-LEC5101,Molkaraie,Mehdi,Fall,2021,3.9,4.1,4.3,3.9,3.9,3.8,4.1,3,3.9,178,37
STAT,ARTSC,Methods Applied Stat STA442H1-F-LEC0101,Brown,Patrick,Fall,2021,4.3,4.2,4.2,4.3,4.3,4.1,4.3,3.4,4,117,35
STAT,ARTSC,Prac of Statistics I STA220H1-F-LEC0101,Singh,Murari,Fall,2021,3,3.1,2.3,3.2,3.2,2.2,2.6,3.3,2.3,154,49
STAT,ARTSC,Prac of Statistics I STA220H1-F-LEC5101,Singh,Murari,Fall,2021,2.7,2.9,2.3,2.9,3,2.1,2.3,3.4,2.1,147,42
STAT,ARTSC,Prob Comp Appl STA247H1-F-LEC0101,Huynh Wong,Karen,Fall,2021,3.1,3.2,2.8,3.1,3,2.4,2.8,4.1,2.1,278,90
STAT,ARTSC,Prob Stat Data I STA237H1-F-LEC0101,Selvaratnam,Selvakkadunko,Fall,2021,3.8,3.8,3.4,4,4.1,3.4,3.5,3,3.7,296,99
STAT,ARTSC,Prob Stat Data I STA237H1-F-LEC5101,Selvaratnam,Selvakkadunko,Fall,2021,3.8,3.9,3.6,4.1,4.2,3.7,3.7,3,3.9,295,96
STAT,ARTSC,Probability I STA347H1-F-LEC2501,Khan,Mohammad,Fall,2021,4.6,4,2.6,2.6,2.8,2,2.3,3.4,2.4,24,5
STAT,ARTSC,Probability I STA347H1-F-LEC5101,Khan,Mohammad,Fall,2021,3.3,3.6,3.2,3.3,3.2,3.2,3.4,3.5,3.1,145,20
STAT,ARTSC,Probability I STA347H1-F-LEC5201,Khan,Mohammad,Fall,2021,3.1,3.1,2.9,2.8,2.9,2.6,2.7,3.5,2.6,162,24
STAT,ARTSC,Stat Evidence: Truth or Myth? STA199H1-F-LEC9901,Selvaratnam,Selvakkadunko,Fall,2021,3.9,3.4,3.9,3.8,4.1,3.6,3.7,2.3,3.7,23,12
STAT,ARTSC,Stat Machine Learning I STA314H1-F-LEC0101,Maddison,Christopher,Fall,2021,4.4,4.2,4.4,4.3,4,4.2,4.5,3.9,4,188,42
STAT,ARTSC,Stat Machine Learning I STA314H1-F-LEC0201,Maddison,Christopher,Fall,2021,4.6,4.5,4.5,4.2,4.3,4,4.5,3.9,3.9,187,38
STAT,ARTSC,STAT Reasoning STA130H1-F-LEC9901,Caetano,Samantha-Jo,Fall,2021,4.2,4.3,4.5,4.2,4.3,4,4.3,3.9,3.9,250,55
STAT,ARTSC,STAT Reasoning STA130H1-F-LEC9902,Bolton,Liza,Fall,2021,4.1,4.4,4.6,4.2,4.2,4,4.7,3.9,3.8,252,86
STAT,ARTSC,Stochastic Methods ACT460H1-F-LEC2001,Zhang,Yuchong,Fall,2021,4.6,4.1,3.3,2.6,2.4,3.1,3.9,3.8,2.7,13,11
STAT,ARTSC,Survey Sam & Obs Data STA304H1-F-LEC0101,Caetano,Samantha-Jo,Fall,2021,3.5,3.6,3.7,3.5,3.7,3.2,3.8,4.3,3.3,225,42
STAT,ARTSC,Survey Sam & Obs Data STA304H1-F-LEC0201,Caetano,Samantha-Jo,Fall,2021,3.7,3.8,3.9,3.9,4,3.7,3.9,4,3.5,232,34
STAT,ARTSC,Top Actuarial Math ACT349H1-F-LEC0101,Tome,Jason,Fall,2021,3.1,3.5,3.3,3.5,3.3,3,3.3,3.3,3.1,40,8
STAT,ARTSC,Fund Invest & Credit ACT240H1-F-LEC5101,Calcetero Vanegas,Sebastian,Summer,2021,4.1,4.3,4.3,4.5,4.5,4.1,4.1,3.1,4.1,28,8
STAT,ARTSC,Math of Finance ACT230H1-F-LEC0101,Badescu,Andrei,Summer,2021,3.9,4,3.4,3.7,3.1,3.6,3.1,3.4,3.3,42,8
STAT,ARTSC,Methods of Data Analysis I STA302H1-F-LEC0101,Khan,Mohammad,Summer,2021,4,4,3.6,3.9,3.9,3.5,3.8,4,3.5,203,50
STAT,ARTSC,Methods of Data Analysis I STA302H1-F-LEC5101,Khan,Mohammad,Summer,2021,3.8,3.8,3.8,3.5,3.6,3.3,3.7,3.7,3.4,197,31
STAT,ARTSC,Prac of Statistics I STA220H1-F-LEC5101,Tounkara,Fode,Summer,2021,3.6,3.7,3.5,3.8,3.8,3.3,3.5,3.2,3.4,157,41
STAT,ARTSC,Prob Stat Data I STA237H1-F-LEC5101,Moon,Michael,Summer,2021,3.6,3.6,3.1,3.6,3.5,2.9,3,3.3,2.7,148,37
STAT,ARTSC,Survey Sam & Obs Data STA304H1-F-LEC0101,Caetano,Samantha-Jo,Summer,2021,4.2,4,4.3,4.1,4.1,3.8,4.3,3.6,3.8,192,26
STAT,ARTSC,Design&Analysis of Experiment STA305H1-S-LEC0101,Thinniyam,Ramya,Summer,2021,3.6,3.7,3.5,3.2,3.3,3.3,3.6,3.4,3.1,182,39
STAT,ARTSC,Financial Principles I ACT245H1-S-LEC5101,Wang,Yu,Summer,2021,4.2,4.4,4.2,4.2,4,4.2,4.2,3.6,4,37,5
STAT,ARTSC,Financial Principles II ACT370H1-S-LEC5101,Yung,Otto,Summer,2021,4.2,4.6,4.8,5,4.8,4.8,5,3.4,4.2,15,5
STAT,ARTSC,Methods of Data Analysis I STA302H1-S-LEC5101,Asidianya,Nnenna,Summer,2021,4,4,4,4.1,4.1,3.7,4.3,3.1,3.9,199,28
STAT,ARTSC,Methods of Data Analysis II STA303H1-S-LEC0101,Stefan,George,Summer,2021,3.3,3.4,2.9,3.3,3.4,2.6,3.1,3.9,2.6,157,22
STAT,ARTSC,Probability I STA347H1-S-LEC5101,Bilodeau,Blair,Summer,2021,3.1,3.2,2.9,2.5,2.5,2.2,2.9,4.1,2,122,21
STAT,ARTSC,Probabilty and Statistics II STA261H1-S-LEC0101,Zimmerman,Robert,Summer,2021,4.4,4.2,4.2,4.3,4.2,3.9,4.1,4.2,3.5,123,19
STAT,ARTSC,Statistical Theory STA255H1-S-LEC5101,Tounkara,Fode,Summer,2021,3.4,3.8,3.4,4.3,4.1,3,3.5,3.1,3.4,52,9
STAT,ARTSC,Complex Spatial Stat STA465H1-S-LEC0101,Leos Barajas,Vianey,Winter,2021,3.6,4,3.4,3.6,3.2,3.2,3.4,3.4,3.6,12,5
STAT,ARTSC,Data Visualization STA313H1-S-LEC0101,Chevalier,Fanny,Winter,2021,4.2,4.2,4.4,4.3,4.2,4,4.2,3.5,4.1,22,10
STAT,ARTSC,Data Visualization STA313H1-S-LEC9101,Chevalier,Fanny,Winter,2021,4.3,4,4.4,4.2,4.2,3.9,4.6,3.6,3.8,60,20
STAT,ARTSC,Financial Principles II ACT370H1-S-LEC9101,Shipilov,Alexander,Winter,2021,4,4.1,4,4.4,4.6,4.4,4,3.6,3.6,40,7
STAT,ARTSC,Financial Puzzles in the Media ACT199H1-S-LEC0101,Zhang,Vicki,Winter,2021,3.8,4,4.2,4.2,4.2,3.6,4.2,2.8,3.4,9,6
STAT,ARTSC,Insurance Products ACT475H1-S-LEC9101,Zhang,Vicki,Winter,2021,4.7,4.6,4.6,4.1,4.3,4.1,4.7,3.6,4,12,7
STAT,ARTSC,Intro Life Conting I ACT247H1-S-LEC0101,Yang,Alex,Winter,2021,3.8,3.8,3.6,3.3,3.3,3,3.9,3.7,2.8,99,20
STAT,ARTSC,Loss Models II ACT452H1-S-LEC9101,Lin,Xiaodong,Winter,2021,3.6,3.4,4,3.9,3.7,3.9,4.1,3.2,3.3,36,10
STAT,ARTSC,Math Statistics I STA452H1-S-LEC9101,Brenner,David,Winter,2021,3.7,3.8,4,3,3,3.3,4.3,3.8,3.1,55,12
STAT,ARTSC,Meth Multivar Data STA437H1-S-LEC0101,Molkaraie,Mehdi,Winter,2021,3.8,3.8,3.6,3.6,3.5,3.5,3.6,3.2,3.2,217,34
STAT,ARTSC,Methods of Data Analysis II STA303H1-S-LEC0101,Bolton,Liza,Winter,2021,4,4,4.3,3.9,3.8,3.9,4.4,4,3.7,281,57
STAT,ARTSC,Methods of Data Analysis II STA303H1-S-LEC0201,Bolton,Liza,Winter,2021,4,4,4.3,4,4,3.8,4.4,4,3.7,280,45
STAT,ARTSC,Prob Stat Data I STA237H1-S-LEC0101,Huynh Wong,Karen,Winter,2021,4.6,4.5,4.4,4.8,4.3,4.1,4.4,4.3,3.8,108,14
STAT,ARTSC,Prob Stats & Data Analysis II STA238H1-S-LEC0101,Caetano,Samantha-Jo,Winter,2021,3.9,3.9,3.9,3.9,3.9,3.5,4.1,4,3.3,213,31
STAT,ARTSC,Prob Stats & Data Analysis II STA238H1-S-LEC0201,Caetano,Samantha-Jo,Winter,2021,4,4,4.1,4,4.1,3.6,4.1,3.8,3.7,253,54
STAT,ARTSC,Probabilty and Statistics II STA261H1-S-LEC0101,Shams,Shahriar,Winter,2021,3.9,4,4.2,3.9,3.9,3.6,4.2,3.6,3.6,181,36
STAT,ARTSC,Probabilty and Statistics II STA261H1-S-LEC5101,Shams,Shahriar,Winter,2021,4.3,4.5,4.4,4.3,4.3,4.1,4.3,3.4,3.9,214,32
STAT,ARTSC,Stat Collaboration STA490Y1-Y-LEC0101,Bolton,Liza,Winter,2021,4.8,4.7,4.9,4.6,4.6,4.7,4.9,3.7,4.7,44,17
STAT,ARTSC,Stat Machine Learning II STA414H1-S-LEC0101,Erdogdu,Murat,Winter,2021,4.4,4.4,4.6,4.2,4.2,4.1,4.4,3.5,4.1,63,55
STAT,ARTSC,Stat Machine Learning II STA414H1-S-LEC5101,Erdogdu,Murat,Winter,2021,4.6,4.5,4.6,4.5,4.5,4.4,4.5,3.5,4.2,43,37
STAT,ARTSC,STAT Reasoning STA130H1-S-LEC0201,Caetano,Samantha-Jo,Winter,2021,4.3,4.3,4.5,4.4,4.5,4.2,4.5,3.8,4.2,263,60
STAT,ARTSC,Statistical Theory STA255H1-S-LEC0101,Shams,Shahriar,Winter,2021,3.5,3.8,3.9,3.7,3.7,3.3,3.7,3.7,3.3,218,42
STAT,ARTSC,Stats For Comp Sci STA248H1-S-LEC0101,Huynh Wong,Karen,Winter,2021,3.6,3.6,3.7,3.7,3.7,3.2,3.4,3.6,3.1,152,33
STAT,ARTSC,Stats for Life Sci STA288H1-S-LEC0101,Singh,Jastaran,Winter,2021,3.8,4,4.5,3.7,3.6,3.4,4.5,4,3.3,161,50
STAT,ARTSC,Stats for Life Sci STA288H1-S-LEC0101,White,Bethany,Winter,2021,3.8,4,4.1,3.7,3.6,3.4,4.2,4,3.3,161,50
STAT,ARTSC,Stochastic Processes STA447H1-S-LEC5101,Park,Jun Young,Winter,2021,3.9,3.9,3.8,3.7,3.6,3.5,3.8,3.2,3.6,62,25
STAT,ARTSC,Theory Sta Practice STA355H1-S-LEC0101,Knight,Keith,Winter,2021,3.7,3.7,3.8,3.9,3.7,3.6,3.9,3.5,3.4,198,30
STAT,ARTSC,Why Numbers Matter STA201H1-S-LEC9101,Khan,Mohammad,Winter,2021,1.6,1.4,1.6,2.3,2.4,1.3,1.7,3.9,1.1,12,7
STAT,ARTSC,Math of Finance ACT230H1-F-LEC0101,Zaman,Shehreen,Fall,2020,3.1,2.8,2.1,2.2,1.9,1.7,2.1,3.2,1.9,71,14
STAT,ARTSC,Adv Life Contingen ACT348H1-F-LEC9101,Badescu,Andrei,Fall,2020,3.4,3.6,2.8,3,2.8,2.8,2.5,3.6,3,47,8
STAT,ARTSC,Top Actuarial Math ACT349H1-F-LEC9101,Tome,Jason,Fall,2020,4,4.2,3.7,3.8,3.8,3.3,4.2,3.2,4,25,7
STAT,ARTSC,Applied Prob for Act Sci ACT350H1-F-LEC9101,Pesenti,Silvana,Fall,2020,4.6,4.9,4.9,5,4.9,4.7,4.7,2.9,4.4,33,7
STAT,ARTSC,Basic P&C Reserving ACT371H1-F-LEC6101,Orrett,Todd,Fall,2020,4.5,4.9,4.9,4.8,4.8,4.6,5,4.1,4.3,34,13
STAT,ARTSC,Basic P&C Reserving ACT371H1-F-LEC6101,So,Fiona,Fall,2020,4.5,4.9,4.9,4.8,4.8,4.6,4.9,4.1,4.3,34,13
STAT,ARTSC,Professional Exp in Act ScI ACT390H1-F-LEC9101,Zhang,Vicki,Fall,2020,4.5,4.5,4.8,4.3,4.3,4.5,4.8,1.5,4.8,20,5
STAT,ARTSC,Loss Models ACT451H1-F-LEC0101,Lin,Xiaodong,Fall,2020,4.1,4,3.7,3.7,3.8,3.8,3.8,3.2,3.5,57,12
STAT,ARTSC,Stochastic Methods ACT460H1-F-LEC2001,Zhang,Yuchong,Fall,2020,4.1,4.4,4.4,4.4,4.1,3.9,3.9,3.8,3.5,18,16
STAT,ARTSC,STAT Reasoning STA130H1-F-LEC0101,Bolton,Liza,Fall,2020,4.3,4.5,4.7,4.2,4.2,4.2,4.8,3.6,4.1,262,105
STAT,ARTSC,Probabilities Everywhere STA198H1-F-LEC0101,Rosenthal,Jeffrey,Fall,2020,4.7,4.5,4.9,4.6,4.6,4.7,5,2.1,4.6,23,14
STAT,ARTSC,Prac of Statistics I STA220H1-F-LEC0101,Huynh Wong,Karen,Fall,2020,3.7,4,3.9,3.5,3.5,3.1,4,3.8,3,198,56
STAT,ARTSC,Prac of Statistics I STA220H1-F-LEC0301,Eadie,Gwendolyn,Fall,2020,3.4,3.6,4.4,3.2,3.1,2.9,4.4,3.7,3,209,78
STAT,ARTSC,Prac of Statistics I STA220H1-F-LEC5101,Shams,Shahriar,Fall,2020,3.5,3.7,4.1,3.2,3.3,3,4.1,3.5,3,154,51
STAT,ARTSC,Prob Stat Data I STA237H1-F-LEC0101,Shams,Shahriar,Fall,2020,3.9,3.6,3.5,3.4,3.4,3.1,3.6,3.6,3.1,261,44
STAT,ARTSC,Prob Stat Data I STA237H1-F-LEC5101,Shams,Shahriar,Fall,2020,3.7,3.9,3.6,3.8,3.6,3.1,3.7,3.5,3.2,272,54
STAT,ARTSC,Prob Comp Appl STA247H1-F-LEC0101,Huynh Wong,Karen,Fall,2020,3.5,3.6,3.2,3.6,3.6,2.8,3.3,4.2,2.6,278,78
STAT,ARTSC,Methods of Data Analysis I STA302H1-F-LEC0101,Sue-Chee,Shivon,Fall,2020,3.5,3.5,3.2,3.3,3.4,2.9,3.2,3.4,2.9,233,69
STAT,ARTSC,Methods of Data Analysis I STA302H1-F-LEC0201,Sue-Chee,Shivon,Fall,2020,3,3.2,2.7,3.1,3,2.5,2.7,3.6,2.4,230,74
STAT,ARTSC,Methods of Data Analysis I STA302H1-F-LEC0301,Sue-Chee,Shivon,Fall,2020,3.3,3.3,3,3.2,3,2.7,3,3.5,2.9,227,57
STAT,ARTSC,Methods of Data Analysis I STA302H1-F-LEC2001,Sue-Chee,Shivon,Fall,2020,3.1,2.6,2.4,3,2.4,2.1,2.3,3.6,2,22,8
STAT,ARTSC,Survey Sam & Obs Data STA304H1-F-LEC0101,Caetano,Samantha-Jo,Fall,2020,3.3,3.4,3.8,3,3.1,2.9,3.9,4.1,2.7,176,45
STAT,ARTSC,Survey Sam & Obs Data STA304H1-F-LEC0201,Alexander,Rohan,Fall,2020,3.5,3.2,2.9,3.4,3.4,2.7,3.5,4.6,2.6,105,35
STAT,ARTSC,Survey Sam & Obs Data STA304H1-F-LEC0301,Caetano,Samantha-Jo,Fall,2020,3.5,3.4,3.9,3.2,3.4,3,4.2,4.2,2.9,187,50
STAT,ARTSC,Probability I STA347H1-F-LEC2501,Jang,Gun,Fall,2020,2.5,1.8,1,1.5,1.5,1,1,3,1,14,6
STAT,ARTSC,Probability I STA347H1-F-LEC5101,Jang,Gun,Fall,2020,3,2.9,2.5,2.7,2.7,2.3,2.7,3.9,2.1,163,40
STAT,ARTSC,Probability I STA347H1-F-LEC5201,Jang,Gun,Fall,2020,2.7,2.4,2.2,2.3,1.9,1.8,2.3,3.6,1.8,121,36
STAT,ARTSC,Statistical Comput STA410H1-F-LEC0101,Knight,Keith,Fall,2020,4.2,4.1,4.3,4.2,4.1,4,4.2,3.4,4,207,42
STAT,ARTSC,Meth Multivar Data STA437H1-F-LEC5101,Molkaraie,Mehdi,Fall,2020,4.2,4.1,4.2,4.3,4.3,4.1,4.2,3.2,4.1,178,37
STAT,ARTSC,Meth Multivar Data STA437H1-F-LEC5201,Molkaraie,Mehdi,Fall,2020,4.1,4.2,4.3,4.3,4.3,4.2,4.1,3.1,3.9,191,43
STAT,ARTSC,Methods Applied Stat STA442H1-F-LEC0101,Brown,Patrick,Fall,2020,4.4,4.3,4.3,4.4,4.4,4.1,4.3,3.7,4,238,45
STAT,ARTSC,Time Series Analysis STA457H1-F-LEC5101,Lin,Jen-Wen,Fall,2020,3.4,2.7,2.3,2.8,3,2.2,2.8,3.4,2.4,115,31
STAT,ARTSC,Adv Life Contingen ACT348H1-F-LEC0101,Badescu,Andrei,Summer,2020,3.9,3.7,3.6,3.8,3.8,3.4,4,3.3,3.6,31,10
STAT,ARTSC,Fund Invest & Credit ACT240H1-F-LEC5101,Tseung,Chau,Summer,2020,4.8,4.8,4.7,4.5,4.4,4.4,4.7,3.5,3.8,36,13
STAT,ARTSC,Math of Finance ACT230H1-F-LEC0101,Badescu,Andrei,Summer,2020,4.3,4.4,4.3,3.8,3.6,4.1,4.3,3.5,4.2,47,12
STAT,ARTSC,Methods of Data Analysis I STA302H1-F-LEC0101,Daignault,Katherine,Summer,2020,3.8,3.7,3.2,3.4,3.4,3,3.1,3.7,2.9,170,21
STAT,ARTSC,Methods of Data Analysis I STA302H1-F-LEC5101,Khan,Mohammad,Summer,2020,4.1,4,4,3.9,4.1,3.8,4,3.4,3.8,192,47
STAT,ARTSC,Prac of Statistics I STA220H1-F-LEC5101,Malyska,Michal,Summer,2020,3.9,4,4,4.2,4,3.6,4.3,3.3,3.7,170,91
STAT,ARTSC,Prac of Statistics I STA220H1-F-LEC5201,Ngo,Vivian,Summer,2020,4.1,4.3,4.4,4.4,4.3,4.1,4.6,3.5,4.2,143,71
STAT,ARTSC,Prob Stat Data I STA237H1-F-LEC5101,Shams,Shahriar,Summer,2020,3.8,3.8,4,3.6,3.4,3.4,4,3.5,3.3,145,27
STAT,ARTSC,Probability & Stat I STA257H1-F-LEC0101,Shams,Shahriar,Summer,2020,4.3,4.3,4.4,3.9,3.7,3.9,4.4,3.6,4,141,30
STAT,ARTSC,Probability I STA347H1-F-LEC5101,Bilodeau,Blair,Summer,2020,3.7,3.7,3.9,3.2,3.2,3.1,4,4,2.8,84,25
STAT,ARTSC,Survey Sam & Obs Data STA304H1-F-LEC0101,Tounkara,Fode,Summer,2020,3.3,3.4,3.2,3.2,3.1,2.8,3.2,3.3,3,185,37
STAT,ARTSC,Time Series Analysis STA457H1-F-LEC0101,Damouras,Sotirios,Summer,2020,3.4,3.4,2.9,2.8,2.8,2.5,3,4.4,2.3,154,22
STAT,ARTSC,Design SCI Studies STA305H1-S-LEC0101,Moon,Michael,Summer,2020,4,3.9,3.8,4,4,3.9,3.8,3.4,3.9,193,28
STAT,ARTSC,Financial Principles I ACT245H1-S-LEC5101,Wang,Yu,Summer,2020,3.4,3.3,2.3,2.6,2.4,2,2.4,3.8,1.9,43,8
STAT,ARTSC,Financial Principles II ACT370H1-S-LEC5101,Yung,Otto,Summer,2020,4.1,4.3,4.3,3.9,4.1,3.9,4.1,3.9,3.8,21,16
STAT,ARTSC,Intro Life Conting I ACT247H1-S-LEC5101,Tseung,Chau,Summer,2020,4.8,4.8,4.6,4.2,4.1,4.6,4.7,3.9,3.9,23,9
STAT,ARTSC,Methods of Data Analysis I STA302H1-S-LEC5101,Asidianya,Nnenna,Summer,2020,4.3,4.3,4.3,4.5,4.6,4.2,4.4,3.3,4.3,193,37
STAT,ARTSC,Methods of Data Analysis II STA303H1-S-LEC0101,Khan,Mohammad,Summer,2020,3.7,3.6,3.3,3.5,3.6,3.1,3.5,3.8,2.9,174,44
STAT,ARTSC,Methods of Data Analysis II STA303H1-S-LEC5101,Stefan,George,Summer,2020,3,3,2.5,2.8,2.6,2.2,2.5,3.7,2.2,163,26
STAT,ARTSC,Prob Stat Data II STA238H1-S-LEC5101,Huynh Wong,Karen,Summer,2020,2.7,2.9,2.5,2.5,2.6,2.1,2.9,4.2,2.2,159,39
STAT,ARTSC,Probabilty & Stat II STA261H1-S-LEC0101,Zimmerman,Robert,Summer,2020,2.6,2.5,2.1,2.2,2.6,1.9,2.5,4.8,1.7,113,39
STAT,ARTSC,Actuarial Practice ACT473H1-S-LEC5101,Genno,Charles,Winter,2020,4.5,4.3,4.5,4.3,4.8,4.5,4.5,1.5,5,29,5
STAT,ARTSC,Actuarial Practice ACT473H1-S-LEC5101,Lyons,Howard,Winter,2020,4.5,4.3,4.8,4.3,4.8,4.5,5,1.5,5,29,5
STAT,ARTSC,Data Science I JSC270H1-S-LEC0101,Chevalier,Fanny,Winter,2020,4.3,4.1,4.5,4.2,4.1,4.3,4.6,4.6,4.1,25,11
STAT,ARTSC,Data Science II JSC370H1-S-LEC5101,Taback,Nathan,Winter,2020,4.8,4.4,4.8,4.8,5,5,4.6,3.8,5,8,5
STAT,ARTSC,Financial Principles II ACT370H1-S-LEC0101,Pitt,Jack,Winter,2020,2.5,2.5,2.7,2.7,2.7,2.5,2.7,2.9,2.9,51,16
STAT,ARTSC,Insurance Products ACT475H1-S-LEC0101,Zhang,Vicki,Winter,2020,4.9,4.9,4.7,4.7,4.7,4.6,4.4,4.3,4.6,23,7
STAT,ARTSC,Intro Life Conting I ACT247H1-S-LEC0101,Zhang,Vicki,Winter,2020,4.4,4.5,4.5,4.3,4.2,4.2,4.5,4,3.7,108,30
STAT,ARTSC,Math Statistics II STA453H1-S-LEC0101,Brenner,David,Winter,2020,4.5,4.5,4.5,4.5,4.3,4.2,4.8,2.5,4,37,7
STAT,ARTSC,Methods of Data Analysis II STA303H1-S-LEC0101,Bolton,Liza,Winter,2020,4.6,4.6,4.9,4.8,4.8,4.7,4.9,3.3,4.7,253,77
STAT,ARTSC,Methods of Data Analysis II STA303H1-S-LEC0201,Bolton,Liza,Winter,2020,4.5,4.6,4.9,4.8,4.8,4.7,5,3.3,4.7,176,51
STAT,ARTSC,Methods of Data Analysis II STA303H1-S-LEC0301,Brown,Patrick,Winter,2020,4.3,4.4,4.2,4.4,4.5,4.3,4.3,3.2,4.4,244,49
STAT,ARTSC,Prob Comp Appl STA247H1-S-LEC0101,Huynh Wong,Karen,Winter,2020,3.8,4.3,4.1,4.3,4.3,3.9,3.9,3.3,3.4,130,16
STAT,ARTSC,Prob Stat Data II STA238H1-S-LEC0101,Gibbs,Alison,Winter,2020,4.1,4,4.2,3.9,3.9,3.6,4.4,3.4,3.5,103,26
STAT,ARTSC,Prob Stat Data II STA238H1-S-LEC0201,Gibbs,Alison,Winter,2020,4.3,4.3,4.5,4.1,4.1,4.1,4.6,3.4,3.9,149,26
STAT,ARTSC,Prob Stat Data II STA238H1-S-LEC0301,Stringer,Alexander,Winter,2020,4.1,4.1,3.8,4,4,3.6,4.3,3.1,3.5,123,28
STAT,ARTSC,Probabilty & Stat II STA261H1-S-LEC0101,Shams,Shahriar,Winter,2020,4,4.1,4.3,4.1,4.1,3.8,4.3,3.4,3.7,277,81
STAT,ARTSC,Probabilty & Stat II STA261H1-S-LEC5101,Shams,Shahriar,Winter,2020,4.3,4.5,4.4,4,4,4,4.3,3.7,3.6,132,26
STAT,ARTSC,Stat Collaboration STA490Y1-Y-LEC0101,Gibbs,Alison,Winter,2020,4.9,4.9,4.9,4.9,4.9,4.9,4.9,3.6,4.9,36,7
STAT,ARTSC,Stat Machine Learning II STA414H1-S-LEC0101,Duvenaud,David,Winter,2020,4.7,4.1,4.3,3.9,3.9,3.7,4.5,4.1,4,70,18
STAT,ARTSC,Stat Machine Learning II STA414H1-S-LEC5101,Bettencourt,Jesse,Winter,2020,4.9,4.8,4.3,4.5,4.5,4.4,4.4,3.8,4.4,46,9
STAT,ARTSC,STAT Reasoning STA130H1-S-LEC0201,Bolton,Liza,Winter,2020,4.2,4.3,4.4,4.3,4.3,4.1,4.6,3.5,4.2,219,58
STAT,ARTSC,Statistical Theory STA255H1-S-LEC0201,Shams,Shahriar,Winter,2020,3.4,3.7,3.6,3.6,3.6,3.3,3.7,3.5,3.1,291,55
STAT,ARTSC,Stats For Comp Sci STA248H1-S-LEC0101,Huynh Wong,Karen,Winter,2020,3.6,3.6,3.5,3.3,3.2,3,3.5,3.4,3,165,22
STAT,ARTSC,Stats for Life Sci STA288H1-S-LEC0101,Singh,Jastaran,Winter,2020,3.7,3.9,4.2,3.7,3.6,3.3,4.2,3.6,3.4,143,41
STAT,ARTSC,Stats for Life Sci STA288H1-S-LEC0101,White,Bethany,Winter,2020,3.7,3.9,4.3,3.7,3.6,3.3,4.4,3.6,3.4,143,41
STAT,ARTSC,Stochastic Processes STA447H1-S-LEC5101,Rosenthal,Jeffrey,Winter,2020,4.7,4.7,4.8,4.6,4.7,4.7,4.8,3,4.6,159,44
STAT,ARTSC,Survey Sam & Obs Data STA304H1-S-LEC0101,Tounkara,Fode,Winter,2020,3.7,3.8,3.7,3.9,3.9,3.5,3.8,3,3.6,188,36
STAT,ARTSC,Survey Sam & Obs Data STA304H1-S-LEC0201,Tounkara,Fode,Winter,2020,3.1,3.5,3.2,3.4,3.2,3.1,3.7,3.4,3.2,113,21
STAT,ARTSC,Theory Sta Practice STA355H1-S-LEC0101,Knight,Keith,Winter,2020,4.2,4,4.1,4.2,4.1,4,4.2,3.6,3.9,226,42
STAT,ARTSC,Time Series Analysis STA457H1-S-LEC0101,Zhou,Zhou,Winter,2020,3.8,3.4,3.2,3.2,3,2.7,3.2,3.9,2.8,79,17
STAT,ARTSC,Time Series Analysis STA457H1-S-LEC5101,Lin,Jen-Wen,Winter,2020,4,3.9,3.8,3.8,3.9,3.7,3.8,3.2,3.5,171,23
STAT,ARTSC,Why Numbers Matter STA201H1-S-LEC0101,Tounkara,Fode,Winter,2020,3.3,3.4,3.6,3.8,4.3,2.9,3.6,2.9,3.4,34,13
STAT,ARTSC,Adv Life Contingen ACT348H1-F-LEC0101,Badescu,Andrei,Fall,2019,4.3,4.5,4.3,4,3.9,4,4,3.8,3.7,49,22
STAT,ARTSC,Design SCI Studies STA305H1-F-LEC0101,Taback,Nathan,Fall,2019,3.9,4.1,4,3.8,3.8,3.8,4.2,3.5,3.6,240,37
STAT,ARTSC,Math of Finance ACT230H1-F-LEC0101,Broverman,Samuel,Fall,2019,3.1,3.3,2.9,2.9,2.9,2.7,3,3.4,2.4,103,25
STAT,ARTSC,Math Statistics I STA452H1-F-LEC0101,Brenner,David,Fall,2019,3.9,3.9,4.1,3.6,3.7,3.8,4.3,2.4,3.7,76,21
STAT,ARTSC,Meth Multivar Data STA437H1-F-LEC0101,Molkaraie,Mehdi,Fall,2019,4,4.1,4.2,4.1,4.1,4,4.1,3.1,3.9,179,33
STAT,ARTSC,Meth Multivar Data STA437H1-F-LEC0201,Molkaraie,Mehdi,Fall,2019,4.1,4.3,4.5,4,3.9,4.1,4.5,2.7,3.9,95,19
STAT,ARTSC,Methods Applied Stat STA442H1-F-LEC0101,Brown,Patrick,Fall,2019,3.7,3.8,3.7,3.8,3.8,3.4,3.7,3.8,3.4,208,75
STAT,ARTSC,Methods of Data Analysis I STA302H1-F-LEC0101,Sue-Chee,Shivon,Fall,2019,3.2,3.1,2.7,3.1,3,2.5,2.6,3.3,2.6,318,107
STAT,ARTSC,Methods of Data Analysis I STA302H1-F-LEC0201,Sue-Chee,Shivon,Fall,2019,3.2,3.1,2.7,3,2.9,2.5,2.7,3.4,2.6,201,67
STAT,ARTSC,Methods of Data Analysis I STA302H1-F-LEC0301,Sue-Chee,Shivon,Fall,2019,3.2,3.2,2.7,3.3,3.1,2.6,2.8,3.3,2.6,199,53
STAT,ARTSC,Methods of Data Analysis I STA302H1-F-LEC2001,Sue-Chee,Shivon,Fall,2019,2.3,2.3,1.8,2.7,2.7,1.8,1.7,3,1.8,17,6
STAT,ARTSC,Prac of Statistics I STA220H1-F-LEC0101,Huynh Wong,Karen,Fall,2019,3.2,3.5,3.6,3.2,3.4,3,3.6,3.5,3,179,63
STAT,ARTSC,Prac of Statistics I STA220H1-F-LEC0301,Daignault,Katherine,Fall,2019,3.1,3.6,3.7,3.2,3.3,2.8,4,3.4,2.9,260,99
STAT,ARTSC,Prac of Statistics I STA220H1-F-LEC0401,Tounkara,Fode,Fall,2019,3.2,3.2,2.8,3.3,3.3,2.7,2.9,3.3,2.8,158,52
STAT,ARTSC,Prac of Statistics I STA220H1-F-LEC5101,Tounkara,Fode,Fall,2019,3.5,3.6,3.3,3.1,3.3,2.8,3.5,3.3,3,186,58
STAT,ARTSC,Prob Comp Appl STA247H1-F-LEC0101,Huynh Wong,Karen,Fall,2019,3.7,3.9,3.8,4,3.8,3.4,3.8,3.2,3.2,305,95
STAT,ARTSC,Prob Stat Data I STA237H1-F-LEC0101,Shams,Shahriar,Fall,2019,4,4.3,4.4,4.4,4.4,4.1,4.4,3.1,4.2,90,30
STAT,ARTSC,Prob Stat Data I STA237H1-F-LEC0201,Shams,Shahriar,Fall,2019,3.9,4.3,4.2,4.3,4.4,4,4.2,2.7,4.2,88,28
STAT,ARTSC,Prob Stat Data I STA237H1-F-LEC0301,Shams,Shahriar,Fall,2019,4.2,4.2,4.2,4.2,4.2,4,4.2,2.9,4.1,240,54
STAT,ARTSC,Probabilities Everywhere STA198H1-F-LEC0101,Rosenthal,Jeffrey,Fall,2019,4.2,4.7,4.5,4.7,4.2,4,4,1.8,4.5,18,6
STAT,ARTSC,Probability & Stat I STA257H1-F-LEC0101,Daignault,Katherine,Fall,2019,3.2,3.2,2.4,2.9,2.9,2.4,2.6,3.3,2.6,374,151
STAT,ARTSC,Probability & Stat I STA257H1-F-LEC5101,Daignault,Katherine,Fall,2019,3.5,3.7,3.2,3.3,3.5,2.9,3.4,3.3,3.2,182,56
STAT,ARTSC,Probability I STA347H1-F-LEC5101,Jang,Gun,Fall,2019,3.1,3,2.7,3.4,3,2.5,3,4.3,1.9,77,27
STAT,ARTSC,Probability I STA347H1-F-LEC5201,Brenner,David,Fall,2019,4.1,4,4.3,3.7,3.8,3.7,4.4,2.9,3.7,297,88
STAT,ARTSC,Stat Machine Learning I STA314H1-F-LEC0101,Pinnaduwage,Dushanth,Fall,2019,2.8,2.7,2.1,3,3.1,2,2.2,3,2.2,234,81
STAT,ARTSC,STAT Reasoning STA130H1-F-LEC0101,White,Bethany,Fall,2019,3.7,3.9,3.7,3.9,3.8,3.4,4,3.6,3.6,225,81
STAT,ARTSC,Statistical Comput STA410H1-F-LEC0101,Knight,Keith,Fall,2019,4.1,4.1,3.9,4,4,3.7,4.1,3.7,3.5,174,37
STAT,ARTSC,Statistical Genetics STA480H1-F-LEC0101,Sun,Lei,Fall,2019,4.3,4.2,4.2,4.3,4.4,4,4.7,2.9,4.3,22,9
STAT,ARTSC,Stochastic Methods ACT460H1-F-LEC2001,Lin,Xiaodong,Fall,2019,3.5,3.7,3.5,3.8,4.2,3.2,3.7,3.2,2.7,29,7
STAT,ARTSC,Survey Sam & Obs Data STA304H1-F-LEC0101,Tounkara,Fode,Fall,2019,3,3.1,2.6,3,3.1,2.6,2.7,3.1,2.6,326,68
STAT,ARTSC,Survey Sam & Obs Data STA304H1-F-LEC0201,Banjevic,Dragan,Fall,2019,3.3,3.4,3.2,3.4,3.4,2.9,3.3,2.8,3.4,267,62
STAT,ARTSC,Top Actuarial Math ACT349H1-F-LEC0101,Tome,Jason,Fall,2019,4.1,3.9,4.6,3.8,3.8,3.9,4.6,3,3.9,50,17
STAT,ARTSC,Prac of Statistics I STA220H1-F-LEC5101,Aslemand,Asal,Summer,2019,3.3,3.6,3.8,3.6,3.5,3.1,4,3.2,3.3,158,33
STAT,ARTSC,Adv Life Contingen ACT348H1-F-LEC0101,Badescu,Andrei,Summer,2019,4.3,4.2,4,3.7,3.7,3.3,4,3.7,3.3,16,6
STAT,ARTSC,Survey Sam & Obs Data STA304H1-F-LEC0101,Banjevic,Dragan,Summer,2019,3.4,3.7,3.4,3.6,3.5,3.3,3.5,3,3.4,232,43
STAT,ARTSC,Meth Data Analysis STA302H1-F-LEC0101,Beaulac,Cedric,Summer,2019,4.1,4.2,4.4,4.1,4.2,4.1,4.4,2.8,4,222,73
STAT,ARTSC,Probability & Stat I STA257H1-F-LEC0101,Firoozi,Dena,Summer,2019,4,4,3.7,3.6,3.6,3.4,3.4,3.4,3.5,92,29
STAT,ARTSC,Fund Invest & Credit ACT240H1-F-LEC5101,Fung,Tsz,Summer,2019,3.9,4.2,4.1,3.8,3.9,4.1,4,3.1,3.8,45,33
STAT,ARTSC,Meth Data Analysis STA302H1-F-LEC5101,Huang,Guowen,Summer,2019,4.2,4.3,4.5,4.4,4.4,4.3,4.5,2.9,4.3,240,149
STAT,ARTSC,Probability I STA347H1-F-LEC5101,Jang,Gun,Summer,2019,3,3.1,2.7,3.4,3.2,2.6,2.8,4.1,2.7,136,41
STAT,ARTSC,Prob Comp Appl STA247H1-F-LEC0101,Lalancette,Michael,Summer,2019,4.1,4.3,4.1,4.2,4.3,4.1,4.1,3.2,3.6,65,22
STAT,ARTSC,Time Series Analysis STA457H1-F-LEC5101,Lin,Jen-Wen,Summer,2019,3.5,3.6,3.3,3.3,3.6,3,3.4,3.2,3.1,226,36
STAT,ARTSC,Prac of Statistics II STA221H1-S-LEC5101,Pitt,Jack,Summer,2019,4.5,4.7,4.2,4.2,4.3,4,4.8,2.8,3.8,29,7
STAT,ARTSC,Stats For Comp Sci STA248H1-S-LEC5101,Tang,Yanbo,Summer,2019,3.9,4,3.8,4.2,4.2,3.8,3.9,3.3,3.5,115,28
STAT,ARTSC,Financial Principles I ACT245H1-S-LEC5101,Wang,Yu,Summer,2019,4.1,4.1,4.2,3.8,3.6,3.8,4.1,3.3,3.9,25,9
STAT,ARTSC,Intro Life Conting I ACT247H1-S-LEC5101,Zaman,Shehreen,Summer,2019,4.3,4.3,4.3,4.2,4.4,4.2,4.3,3.8,3.7,20,13
STAT,ARTSC,Statistical Theory STA255H1-S-LEC0101,Zhang,Lin,Summer,2019,4,4,4,4,4.1,3.9,4.2,3.6,3.7,165,32
STAT,ARTSC,Actuarial Science ACT372H1-S-LEC5101,Ahmad,Sajjad,Winter,2019,4.29,4.3,4.3,4.3,4,4,4.3,4.3,3.9,14,7
STAT,ARTSC,Adv Topics Act Sci ACT455H1-S-LEC0101,Badescu,Andrei,Winter,2019,4.6,4.5,4.4,3.9,4,4.2,4.5,2.9,3.9,24,10
STAT,ARTSC,Credibility & Simulatn ACT466H1-S-LEC0101,Badescu,Andrei,Winter,2019,4.6,4.6,4.6,4.2,4.2,4.4,4.6,3,4.2,15,5
STAT,ARTSC,Survey Sam & Obs Data STA304H1-S-LEC0101,Banjevic,Dragan,Winter,2019,3.38,3.5,3.1,3.3,3.4,3.1,3.1,3,3.2,359,82
STAT,ARTSC,Math Statistics II STA453H1-S-LEC0101,Brenner,David,Winter,2019,4.5,4.6,4.7,4.4,4.4,4.4,4.7,3,4,39,10
STAT,ARTSC,Loss Models II ACT452H1-S-LEC0101,Broverman,Samuel,Winter,2019,4.71,4.6,4.7,4.1,4,4.3,4.6,3.4,4.1,18,7
STAT,ARTSC,Data Analysis II STA303H1-S-LEC0101,Sue-Chee,Shivon,Winter,2019,3.62,3.8,3.6,4,4,3.5,3.5,3.3,3.6,258,54
STAT,ARTSC,Data Analysis II STA303H1-S-LEC0201,Sue-Chee,Shivon,Winter,2019,3.82,4,4,4.1,4.1,3.8,3.6,3.4,3.9,181,46
STAT,ARTSC,Statistical Theory STA255H1-S-LEC0101,Sue-Chee,Shivon,Winter,2019,3.19,3.2,2.9,3.3,3.3,2.8,3.1,3.3,2.7,195,42
STAT,ARTSC,Data Science I JSC270H1-S-LEC0101,Chevalier,Fanny,Winter,2019,4.6,4.4,4.8,4.6,4.4,4.6,4.6,4.4,4,8,5
STAT,ARTSC,Stat Machine Learning II STA414H1-S-LEC0101,Duvenaud,David,Winter,2019,4.04,3.8,3.5,4.1,3.9,3.4,3.8,4.2,3.2,71,28
STAT,ARTSC,Design SCI Studies STA305H1-S-LEC0101,Ebden,Mark,Winter,2019,3.49,3.6,3.6,3.4,3.4,3.2,3.7,3.6,3.2,263,80
STAT,ARTSC,Design SCI Studies STA305H1-S-LEC0201,Ebden,Mark,Winter,2019,3.33,3.6,3.3,3.4,3.4,3.1,3.5,3.4,3,198,67
STAT,ARTSC,Actuarial Practice ACT473H1-S-LEC5101,Genno,Charles,Winter,2019,4.29,4.3,4.6,4,4.1,4.4,4.6,3.1,4.9,19,7
STAT,ARTSC,Stat Collaboration STA490Y1-Y-LEC0201,Gibbs,Alison,Winter,2019,5,4.8,4.9,4.8,4.9,4.9,4.9,3.6,4.8,20,8
STAT,ARTSC,Prob Comp Appl STA247H1-S-LEC0101,Huynh Wong,Karen,Winter,2019,3.3,3.4,3.3,3.5,3.2,2.9,3.1,3.3,2.6,135,44
STAT,ARTSC,Stats For Comp Sci STA248H1-S-LEC0101,Huynh Wong,Karen,Winter,2019,3.1,3.1,2.8,2.9,2.6,2.3,2.8,3.6,2.1,198,62
STAT,ARTSC,Why Numbers Matter STA201H1-S-LEC0101,Huynh Wong,Karen,Winter,2019,3.33,3.8,3.7,4,3.8,3.2,4.2,3,3,34,12
STAT,ARTSC,Meth Multivar Data STA437H1-S-LEC0101,Jang,Gun,Winter,2019,2.62,2.6,2.3,2.4,2.6,2.2,2.3,3.7,2.2,87,21
STAT,ARTSC,Theory Sta Practice STA355H1-S-LEC0101,Knight,Keith,Winter,2019,3.55,3.6,3.5,3.5,3.5,3.3,3.7,3.6,3.2,413,98
STAT,ARTSC,Time Series Analysis STA457H1-S-LEC0101,Lin,Jen-Wen,Winter,2019,2.9,2.8,2.8,2.5,2.6,2.5,3,3.4,2.7,249,55
STAT,ARTSC,Actuarial Science ACT372H1-S-LEC5101,Lussier,Carl,Winter,2019,4.29,4.3,4.3,4.3,4,4,4.3,4.3,3.9,14,7
STAT,ARTSC,Stochastic Processes STA447H1-S-LEC5101,Rosenthal,Jeffrey,Winter,2019,4.38,4.5,4.6,4.3,4.2,4.3,4.6,3.1,4.2,137,43
STAT,ARTSC,Probabilty & Stat II STA261H1-S-LEC0101,Shams,Shahriar,Winter,2019,4.03,4.1,4.5,4.1,4.1,4.1,4.4,3.1,4,272,104
STAT,ARTSC,Probabilty & Stat II STA261H1-S-LEC5101,Shams,Shahriar,Winter,2019,4.03,4.1,4.4,4,4,4.1,4.2,3.1,3.9,138,39
STAT,ARTSC,Financial Principles II ACT370H1-S-LEC0101,Shipilov,Alexander,Winter,2019,4,4,3.9,4.1,4.1,3.7,3.9,3.4,4,68,17
STAT,ARTSC,Complex Spatial Stat STA465H1-S-LEC0101,Simpson,Daniel,Winter,2019,3.91,3.7,4.3,3.7,3.7,3.5,4.6,3.6,3.5,30,11
STAT,ARTSC,Statistical Genetics STA480H1-S-LEC0101,Sun,Lei,Winter,2019,4.5,4.7,4,3.8,4.3,4,3.8,3,3.8,26,6
STAT,ARTSC,Data Science I JSC270H1-S-LEC0101,Taback,Nathan,Winter,2019,4.6,4.4,4.8,4.6,4.4,4.6,4.6,4.4,4,8,5
STAT,ARTSC,Meth Data Analysis STA302H1-S-LEC0101,Tounkara,Fode,Winter,2019,3.6,3.7,3.5,3.8,3.6,3.3,3.5,3.4,3.3,217,45
STAT,ARTSC,Statistical Theory STA255H1-S-LEC0201,Tounkara,Fode,Winter,2019,2.98,3,2.8,3,3.1,2.7,2.8,3.1,2.7,271,84
STAT,ARTSC,Statistical Theory STA255H1-S-LEC0301,Tounkara,Fode,Winter,2019,3.62,3.5,3.4,3.6,3.6,3.2,3.4,3.3,3.2,202,60
STAT,ARTSC,STAT Reasoning STA130H1-S-LEC0101,White,Bethany,Winter,2019,3.41,3.5,3.3,3.5,3.5,3,3.5,3.4,3.1,209,89
STAT,ARTSC,Stats for Life Sci STA288H1-S-LEC0101,White,Bethany,Winter,2019,3.74,4.1,4.2,3.8,3.8,3.5,4.3,3.6,3.8,152,69
STAT,ARTSC,Prac of Statistics II STA221H1-S-LEC0101,Yoon,Thomas,Winter,2019,3.12,3.4,3.2,3.1,3.4,2.8,3.2,3.6,2.8,74,28
STAT,ARTSC,Intro Life Conting I ACT247H1-S-LEC0101,Zaman,Shehreen,Winter,2019,3.56,3.8,3.2,3.3,3.3,3,3,3.8,2.7,62,33
STAT,ARTSC,Adv Life Contingen ACT348H1-F-LEC0101,Badescu,Andrei,Fall,2018,4,4.1,3.7,3.6,3.6,3.5,3.6,3.9,3.1,59,22
STAT,ARTSC,Survey Sam & Obs Data STA304H1-F-LEC0201,Banjevic,Dragan,Fall,2018,3.6,3.7,3.4,3.6,3.6,3.4,3.5,2.8,3.7,270,57
STAT,ARTSC,Math Statistics I STA452H1-F-LEC0101,Brenner,David,Fall,2018,4.6,4.6,4.6,4.3,4.4,4.4,4.7,2.4,4.4,67,18
STAT,ARTSC,Probability I STA347H1-F-LEC5101,Brenner,David,Fall,2018,4.2,4.3,4.4,4,4.1,4.1,4.5,2.8,4.3,342,95
STAT,ARTSC,Fund Invest & Credit ACT240H1-F-LEC0101,Broverman,Samuel,Fall,2018,3.7,3.7,3.8,3.5,3.4,3.3,3.5,3.7,3.3,73,25
STAT,ARTSC,Loss Models ACT451H1-F-LEC0101,Broverman,Samuel,Fall,2018,4.4,4.7,4.7,4.3,4.6,4.1,4.4,3.5,4.3,28,9
STAT,ARTSC,Methods Applied Stat STA442H1-F-LEC0101,Brunner,Lawrence,Fall,2018,4,4,4.1,3.9,3.9,3.7,4.5,3.5,3.6,157,49
STAT,ARTSC,Prac of Statistics I STA220H1-F-LEC0201,Sue-Chee,Shivon,Fall,2018,2.8,3.2,2.7,3.1,3.2,2.5,2.6,3.2,2.7,297,86
STAT,ARTSC,Prac of Statistics I STA220H1-F-LEC0301,Sue-Chee,Shivon,Fall,2018,2.7,2.9,2.4,2.9,3,2.2,2.5,3.2,2.2,218,70
STAT,ARTSC,Survey Sam & Obs Data STA304H1-F-LEC0101,Sue-Chee,Shivon,Fall,2018,2.7,2.9,2.5,2.8,2.7,2.3,2.5,3.7,2.2,316,102
STAT,ARTSC,Basic P&C Reserving ACT371H1-F-LEC0101,Cheng,Houston,Fall,2018,4.5,4.3,4,4.5,4.8,3.7,3.8,4.7,4,37,6
STAT,ARTSC,Meth Data Analysis STA302H1-F-LEC0101,Ebden,Mark,Fall,2018,3.8,3.9,3.8,3.9,4,3.5,3.9,3.3,3.6,267,95
STAT,ARTSC,Meth Data Analysis STA302H1-F-LEC2001,Ebden,Mark,Fall,2018,3.8,4,3.7,4.2,4.2,3.8,3.8,3.2,3.5,22,6
STAT,ARTSC,Meth Data Analysis STA302H1-F-LEC5101,Ebden,Mark,Fall,2018,3.8,4.1,3.8,4.1,3.9,3.6,3.8,3.5,3.6,257,82
STAT,ARTSC,Probability & Stat I STA257H1-F-LEC0101,Ebden,Mark,Fall,2018,3.7,3.7,3.5,3.6,3.7,3.2,3.5,3.3,3.3,347,146
STAT,ARTSC,Probability & Stat I STA257H1-F-LEC5101,Ebden,Mark,Fall,2018,3.6,3.7,3.8,3.6,3.5,3.3,3.5,3.3,3.2,192,64
STAT,ARTSC,Prac of Statistics I STA220H1-F-LEC0101,Huynh Wong,Karen,Fall,2018,3.2,3.5,3.9,3.5,3.4,3.1,3.9,3.6,3,252,78
STAT,ARTSC,Prob Comp Appl STA247H1-F-LEC0101,Huynh Wong,Karen,Fall,2018,3.5,3.5,3.2,3.5,3.4,2.9,3.5,3.4,2.8,343,105
STAT,ARTSC,Probability I STA347H1-F-LEC0101,Jang,Gun,Fall,2018,2.4,2.3,1.9,2.3,2.1,1.8,2.3,3.9,1.7,160,48
STAT,ARTSC,Statistical Comput STA410H1-F-LEC0101,Knight,Keith,Fall,2018,4,4.1,4,4.3,4.2,4,4,3.9,3.7,135,26
STAT,ARTSC,Time Series Analysis STA457H1-F-LEC5101,Lin,Jen-Wen,Fall,2018,2.9,2.6,2.7,2.9,2.9,2.6,2.7,3.2,2.6,205,43
STAT,ARTSC,Stat Machine Learning I STA314H1-F-LEC0101,Simpson,Daniel,Fall,2018,3.7,3.8,3.5,3.4,3.4,3.1,4,3.1,3.1,191,72
STAT,ARTSC,Basic P&C Reserving ACT371H1-F-LEC0101,So,Fiona,Fall,2018,4.5,4.3,4,4.5,4.8,3.7,3.8,4.7,4,37,6
STAT,ARTSC,STAT Reasoning STA130H1-F-LEC0101,Taback,Nathan,Fall,2018,3.7,4,4.1,4,3.9,3.7,4.1,3.3,3.8,210,183
STAT,ARTSC,Top Actuarial Math ACT349H1-F-LEC0101,Tome,Jason,Fall,2018,4.6,4.5,4.6,4.5,4.4,4.6,4.8,3.1,4.6,39,34
STAT,ARTSC,Meth Data Analysis STA302H1-F-LEC5201,Tounkara,Fode,Fall,2018,4,3.9,3.5,4,4.3,3.2,3.6,2.7,3.6,54,13
STAT,ARTSC,Prac of Statistics I STA220H1-F-LEC0401,Tounkara,Fode,Fall,2018,3.2,3.4,2.7,3.4,3.4,2.7,3,3,3.2,204,58
STAT,ARTSC,Prac of Statistics I STA220H1-F-LEC5101,Tounkara,Fode,Fall,2018,2.9,3.2,2.9,3.3,3.3,2.9,3.2,3.1,2.8,156,49
STAT,ARTSC,Math of Finance ACT230H1-F-LEC0101,Yang,Shuai,Fall,2018,3.9,4,4,3.8,3.8,3.6,4.1,3.3,3.6,129,28
STAT,ARTSC,Stochastic Methods ACT460H1-F-LEC0101,Zhang,Yuchong,Fall,2018,3.6,3.5,3.3,3.5,3.4,3,3.4,3.9,2.9,31,26
STAT,ARTSC,Stochastic Methods ACT460H1-F-LEC2001,Zhang,Yuchong,Fall,2018,4.1,3.8,3.6,3.8,3.9,3.4,3.7,3.8,3.1,28,26
STAT,ARTSC,Data Analysis II STA303H1-S-LEC0101,Stringer,Alexander,Summer,2018,4,4,4,4.1,4,3.6,4.1,3.2,3.7,179,66
STAT,ARTSC,Financial Principles II ACT370H1-S-LEC5101,Dewji,Rian,Summer,2018,4.8,4.8,5,4.8,5,4.8,5,3.3,4.3,12,6
STAT,ARTSC,Prac of Statistics II STA221H1-S-LEC5101,Dedic,Julia,Summer,2018,4,4.2,4.7,3.8,3.6,4.1,4.5,3.1,3.6,36,20
STAT,ARTSC,Probabilty & Stat II STA261H1-S-LEC5101,Stringer,Alexander,Summer,2018,4,4,4.3,4,3.9,3.9,4.3,3.3,3.6,152,72
STAT,ARTSC,Statistical Theory STA255H1-S-LEC5101,Garbuzov,Boris,Summer,2018,2.5,2.4,1.8,2.7,2.6,1.9,1.8,3.3,2.4,137,35
STAT,ARTSC,Stats For Comp Sci STA248H1-S-LEC5101,Deng,Wei,Summer,2018,2.1,2.1,1.6,2.1,2.1,1.6,1.9,3,1.8,57,24
STAT,ARTSC,Time Series Analysis STA457H1-S-LEC5101,Lin,Jen-Wen,Summer,2018,3.6,3.5,3.5,3.4,3.4,3.3,3.5,3.4,3.6,244,50
STAT,ARTSC,Adv Life Contingen ACT348H1-F-LEC5101,Fung,Tsz,Summer,2018,4.8,4.8,4.6,4.5,4.3,4.5,4.7,3.3,3.7,19,17
STAT,ARTSC,Meth Data Analysis STA302H1-F-LEC0101,Benn,Alfred,Summer,2018,4.2,4.2,4.5,4.3,4.3,4.3,4.5,2.8,4.5,229,62
STAT,ARTSC,Meth Data Analysis STA302H1-F-LEC5101,Benn,Alfred,Summer,2018,4,4.1,4.1,4,4,4,4.1,2.7,4.2,192,53
STAT,ARTSC,Prac of Statistics I STA220H1-F-LEC5101,Aslemand,Asal,Summer,2018,3.7,4,3.8,4.1,4.2,3.8,4.2,2.9,3.8,253,68
STAT,ARTSC,Prob Comp Appl STA247H1-F-LEC5101,Huynh Wong,Karen,Summer,2018,4.2,4.2,4.4,4,4,4.1,4.5,3.1,4,64,24
STAT,ARTSC,Probability & Stat I STA257H1-F-LEC5101,Jang,Gun,Summer,2018,3.1,2.5,1.6,2.4,2.1,1.9,1.9,3.6,1.8,54,16
STAT,ARTSC,Survey Sam & Obs Data STA304H1-F-LEC5101,Banjevic,Dragan,Summer,2018,3.2,3.2,2.8,2.7,2.7,2.5,2.8,3.1,2.8,240,45
STAT,ARTSC,Financial Principles I ACT245H1-S-LEC0101,Wang,Yu,Winter,2018,3.9,4,3.8,3.4,3.5,3.5,3.6,3.1,3.5,94,31
STAT,ARTSC,Intro Life Conting I ACT247H1-S-LEC0101,Zhang,Jingjing,Winter,2018,4.3,4.4,4.4,4.2,4.1,4,4.4,4,3.7,79,30
STAT,ARTSC,Financial Principles II ACT370H1-S-LEC0101,Dewji,Rian,Winter,2018,3.7,3.8,3.8,3.5,3.2,3.4,3.7,3.3,3.2,85,43
STAT,ARTSC,Financial Principles II ACT370H1-S-LEC2001,Dewji,Rian,Winter,2018,2.4,3.1,2.6,2.4,2.3,2.4,2.6,3,2.2,34,10
STAT,ARTSC,Loss Models II ACT452H1-S-LEC0101,Zhou,Jun,Winter,2018,3.3,3.2,3,3.5,3.5,3.2,3.2,3.2,2.7,18,6
STAT,ARTSC,Adv Topics Act Sci ACT455H1-S-LEC0101,Badescu,Andrei,Winter,2018,4.7,4.7,4.7,4.6,4.6,4.4,4.6,3,4.4,23,7
STAT,ARTSC,Credibility & Simulatn ACT466H1-S-LEC0101,Badescu,Andrei,Winter,2018,4.6,4.7,4.7,4.1,4.4,4.6,4.7,3.1,4,17,7
STAT,ARTSC,Actuarial Practice ACT473H1-S-LEC5101,Genno,Charles,Winter,2018,4.2,4.6,4.8,4.4,4.4,4.4,4.8,2.8,4.6,12,5
STAT,ARTSC,Actuarial Practice ACT473H1-S-LEC5101,Lyons,Howard,Winter,2018,4.2,4.6,4.4,4.4,4.4,4.4,4.6,2.8,4.6,12,5
STAT,ARTSC,Actuarial Practice ACT473H1-S-LEC5101,Wang,Yu,Winter,2018,4.2,4.6,4.4,4.4,4.4,4.4,4.4,2.8,4.6,12,5
STAT,ARTSC,STAT Reasoning STA130H1-S-LEC0101,Gibbs,Alison,Winter,2018,3.8,3.7,4.1,3.8,3.8,3.6,4.1,3.4,3.3,170,82
STAT,ARTSC,STAT Reasoning STA130H1-S-LEC0101,Taback,Nathan,Winter,2018,3.8,3.7,3.9,3.8,3.8,3.6,4,3.4,3.3,170,82
STAT,ARTSC,STAT Reasoning STA130H1-S-LEC0201,Gibbs,Alison,Winter,2018,3.7,3.7,4,3.7,3.7,3.5,4,3.3,3.4,166,74
STAT,ARTSC,STAT Reasoning STA130H1-S-LEC0201,Taback,Nathan,Winter,2018,3.7,3.7,3.8,3.7,3.7,3.5,3.9,3.3,3.4,166,74
STAT,ARTSC,Why Numbers Matter STA201H1-S-LEC0101,Huynh Wong,Karen,Winter,2018,3.2,3.4,3.8,3.7,3.7,3.3,3.8,3.1,3.2,215,45
STAT,ARTSC,Prac of Statistics II STA221H1-S-LEC0101,Aslemand,Asal,Winter,2018,3.8,4.3,4.2,4.3,4.4,4.1,4.5,3.2,4.2,128,55
STAT,ARTSC,Prob Comp Appl STA247H1-S-LEC0101,Huynh Wong,Karen,Winter,2018,3.9,3.9,4,4.1,4,3.6,4.1,3.3,3.3,158,33
STAT,ARTSC,Stats For Comp Sci STA248H1-S-LEC0101,Huynh Wong,Karen,Winter,2018,3.7,3.9,4.6,4,4,3.7,4.4,3.2,3.3,225,22
STAT,ARTSC,Statistical Theory STA255H1-S-LEC0101,White,Bethany,Winter,2018,3.9,3.9,4.1,3.8,3.9,3.7,4.3,3.2,3.7,240,64
STAT,ARTSC,Statistical Theory STA255H1-S-LEC0201,White,Bethany,Winter,2018,3.4,3.4,3.5,3.3,3.3,3.1,3.7,3.3,3,420,101
STAT,ARTSC,Probabilty & Stat II STA261H1-S-LEC0101,Stringer,Alex,Winter,2018,3.7,3.8,3.8,3.7,3.7,3.5,4,3.3,3.3,200,88
STAT,ARTSC,Probabilty & Stat II STA261H1-S-LEC5101,Stringer,Alex,Winter,2018,3.8,4,4.1,4,3.9,3.6,4.1,3.5,3.6,114,35
STAT,ARTSC,Stats for Life Sci STA288H1-S-LEC0101,Ju,William,Winter,2018,3.3,3.6,4.2,3.3,3.3,3,4.1,3.6,3.2,101,44
STAT,ARTSC,Stats for Life Sci STA288H1-S-LEC0101,White,Bethany,Winter,2018,3.3,3.6,4,3.3,3.3,3,4.3,3.6,3.2,101,44
STAT,ARTSC,Meth Data Analysis STA302H1-S-LEC0101,Benn,Alfred,Winter,2018,4.3,4.4,4.6,4.6,4.4,4.4,4.6,3,4.1,195,42
STAT,ARTSC,Data Analysis II STA303H1-S-LEC0101,Sue-Chee,Shivon,Winter,2018,4,4.1,3.7,4.2,4.1,3.7,3.6,3.1,3.9,159,52
STAT,ARTSC,Data Analysis II STA303H1-S-LEC0201,Sue-Chee,Shivon,Winter,2018,3.8,3.9,3.8,4.1,4.1,3.6,3.5,3.2,3.5,119,41
STAT,ARTSC,Survey Sam & Obs Data STA304H1-S-LEC0101,Banjevic,Dragan,Winter,2018,3.4,3.5,3.2,3.4,3.5,3.1,3.2,3,3.4,330,68
STAT,ARTSC,Design SCI Studies STA305H1-S-LEC0101,Sue-Chee,Shivon,Winter,2018,3.6,3.7,3.6,3.8,3.7,3.4,3.4,2.9,3.6,214,50
STAT,ARTSC,Design SCI Studies STA305H1-S-LEC0201,Ebden,Mark,Winter,2018,3.5,3.5,3.4,3.2,3.3,3,3.5,3.2,3.1,282,56
STAT,ARTSC,Theory Sta Practice STA355H1-S-LEC0101,Knight,Keith,Winter,2018,3.7,3.7,3.9,3.8,3.8,3.6,3.9,3.7,3.5,337,83
STAT,ARTSC,Data Mining STA414H1-S-LEC0101,Ebden,Mark,Winter,2018,3.9,3.2,3.1,3,3,3,3.2,3.1,3.1,77,21
STAT,ARTSC,Data Mining STA414H1-S-LEC5101,Stringer,Alex,Winter,2018,3.7,3.7,3.8,2.8,2.7,3,3.7,3.2,3.1,54,29
STAT,ARTSC,Meth Multivar Data STA437H1-S-LEC0101,Craiu,Virgil,Winter,2018,4.1,4.1,3.9,4.1,4.1,3.8,3.8,3,4,104,27
STAT,ARTSC,Stochastic Processes STA447H1-S-LEC5101,Rosenthal,Jeffrey,Winter,2018,4.7,4.7,4.8,4.8,4.7,4.7,4.9,3.2,4.6,143,40
STAT,ARTSC,Math Statistics II STA453H1-S-LEC0101,Brenner,David,Winter,2018,4.6,4.6,4.6,4.5,4.5,4.5,4.5,3.4,4.4,30,9
STAT,ARTSC,Time Series Analysis STA457H1-S-LEC0101,Lin,Jen-Wen,Winter,2018,3.5,3.4,3.5,3.4,3.4,3.3,3.7,2.9,3.5,213,57
STAT,ARTSC,Statistical Genetics STA480H1-S-LEC0101,Sun,Lei,Winter,2018,3.8,4.4,4.1,4.2,3.9,3.8,4.5,3.4,4.3,31,11
STAT,ARTSC,Stat Collaboration STA490Y1-Y-LEC0101,Gibbs,Alison,Winter,2018,4.8,4.8,4.8,4.8,4.8,4.8,4.8,3.7,4.8,24,12
STAT,ARTSC,Adv Life Contingen ACT348H1-F-LEC0101,Badescu,Andrei,Fall,2017,4.4,4.6,4.4,4.2,4.3,4.1,4.3,3.1,4.2,56,12
STAT,ARTSC,Fund Invest & Credit ACT240H1-F-LEC0101,Badescu,Andrei,Fall,2017,3.8,4.2,4,3.9,3.9,3.7,3.9,3.5,3.7,113,37
STAT,ARTSC,Probability & Stat I STA257H1-F-LEC0101,Banjevic,Dragan,Fall,2017,3,2.8,2.1,2.5,2.7,2,2.3,3,2.2,199,69
STAT,ARTSC,Survey Sam & Obs Data STA304H1-F-LEC0101,Banjevic,Dragan,Fall,2017,3.5,3.7,3.2,3.6,3.5,3.2,3.3,2.9,3.5,401,94
STAT,ARTSC,Math Statistics I STA452H1-F-LEC0101,Brenner,David,Fall,2017,4.2,4.2,4.4,4.1,4.1,4.1,4.5,2.9,4,49,14
STAT,ARTSC,Probability I STA347H1-F-LEC2501,Brenner,David,Fall,2017,3.8,3.2,3.6,3.4,4,3.2,4,2.6,3.2,36,7
STAT,ARTSC,Probability I STA347H1-F-LEC5101,Brenner,David,Fall,2017,4.3,4.2,4.5,4.3,4.2,4.2,4.7,3,4.1,300,89
STAT,ARTSC,Methods Applied Stat STA442H1-F-LEC0101,Brunner,Lawrence,Fall,2017,4.2,4.2,4.3,4.5,4.4,4,4.5,4.3,4,116,36
STAT,ARTSC,Prac of Statistics I STA220H1-F-LEC0201,Sue-Chee,Shivon,Fall,2017,2.9,3.3,2.8,3.3,3.3,2.6,2.8,3.4,2.8,282,112
STAT,ARTSC,Prac of Statistics I STA220H1-F-LEC0301,Sue-Chee,Shivon,Fall,2017,2.8,2.9,2.7,2.8,2.8,2.3,2.8,3.5,2.4,209,90
STAT,ARTSC,Meth Data Analysis STA302H1-F-LEC0101,Ebden,Mark,Fall,2017,3.4,3.5,3.2,2.9,3,2.8,3.2,2.9,3,338,125
STAT,ARTSC,Meth Data Analysis STA302H1-F-LEC2001,Ebden,Mark,Fall,2017,3,3.3,2.8,2.1,2.3,2.6,2.8,2.4,2.7,34,10
STAT,ARTSC,Meth Data Analysis STA302H1-F-LEC5101,Ebden,Mark,Fall,2017,3.1,3.2,2.9,2.7,2.7,2.6,3.1,3.1,2.7,238,87
STAT,ARTSC,Probability & Stat I STA257H1-F-LEC5101,Ebden,Mark,Fall,2017,3.6,3.7,3.8,3.4,3.4,3.2,3.8,3.1,3.3,244,109
STAT,ARTSC,Prac of Statistics I STA220H1-F-LEC0101,Huynh Wong,Karen,Fall,2017,3.4,3.5,3.3,3.3,3.4,3,3.4,3.5,2.9,218,73
STAT,ARTSC,Prac of Statistics I STA220H1-F-LEC0401,Huynh Wong,Karen,Fall,2017,3.5,3.6,3.6,3.5,3.5,3.3,3.7,3.4,3.2,307,93
STAT,ARTSC,Prac of Statistics I STA220H1-F-LEC5101,Huynh Wong,Karen,Fall,2017,3.4,3.6,3.7,3.3,3.3,3,3.8,3.5,3,185,60
STAT,ARTSC,Prob Comp Appl STA247H1-F-LEC0101,Huynh Wong,Karen,Fall,2017,3.5,3.8,3.6,3.8,3.7,3.2,3.6,3.6,3.1,300,83
STAT,ARTSC,Probability I STA347H1-F-LEC5201,Jang,Gun,Fall,2017,3.6,3.4,3.1,3.3,3.2,3.1,3.3,3.5,2.7,70,12
STAT,ARTSC,Statistical Comput STA410H1-F-LEC0101,Knight,Keith,Fall,2017,4.4,4.1,4.3,4.3,4.1,4,4.1,3.7,3.7,98,24
STAT,ARTSC,Meth Multivar Data STA437H1-F-LEC0101,Kong,Dehan,Fall,2017,3.1,3.2,2.9,3.1,3.1,2.7,2.9,3.2,2.8,208,44
STAT,ARTSC,Time Series Analysis STA457H1-F-LEC5101,Lin,Jen-Wen,Fall,2017,3.7,3.6,3.4,3.6,3.6,3.5,3.6,2.9,3.4,174,37
STAT,ARTSC,Loss Models ACT451H1-F-LEC0101,Lin,Xiaodong,Fall,2017,4.1,4.4,4.4,4.4,4.4,4.5,4.5,3.3,4.2,31,11
STAT,ARTSC,Stochastic Methods ACT460H1-F-LEC0101,Lin,Xiaodong,Fall,2017,4.2,4.2,4.1,4,4,4.1,4,3.7,3.7,31,11
STAT,ARTSC,Stochastic Methods ACT460H1-F-LEC2001,Lin,Xiaodong,Fall,2017,4.3,4.1,3.9,4.7,4.3,3.9,3.9,3.7,3.3,22,7
STAT,ARTSC,Top Actuarial Math ACT349H1-F-LEC0101,Tome,Jason,Fall,2017,3.8,4,4.3,4.2,4.2,4,4.3,3,4.1,67,62
STAT,ARTSC,Prac of Statistics I STA220H1-F-LEC9901,White,Bethany,Fall,2017,3.2,3.5,3.5,3.6,3.5,3.1,3.7,3.5,3,176,50
STAT,ARTSC,Prac of Statistics I STA220H1-F-LEC9902,White,Bethany,Fall,2017,3.3,3.9,4,3.4,3.1,3,4,3.6,3,21,7
STAT,ARTSC,Math of Finance ACT230H1-F-LEC0101,Yang,Shuai,Fall,2017,3.9,4.2,4,3.9,4.1,3.7,4.1,3.2,3.6,152,54
STAT,ARTSC,Basic P&C Reserving ACT371H1-F-LEC0101,Zheng,Shi,Fall,2017,4.5,4.8,4.7,4.8,4.7,4.7,4.6,4.1,4.4,43,11
STAT,ARTSC,Casualty Insurance ACT471H1-F-LEC5101,Zhou,Jun,Fall,2017,4.9,5,5,5,5,5,4.8,4.4,5,9,8
STAT,ARTSC,Adv Life Contingen ACT348H1-F-LEC0101,Badescu,Andrei,Summer,2017,4.1,4.4,4,3.6,3.7,3.9,4,3.4,3.6,13,7
STAT,ARTSC,Math of Finance ACT230H1-F-LEC5101,Yang,Shuai,Summer,2017,3.8,4.1,4.6,4.4,4.1,4,4.7,3,4.2,46,7
STAT,ARTSC,Meth Data Analysis STA302H1-F-LEC0101,Lin,Wei,Summer,2017,3.9,4.1,4.1,4.2,4.2,3.8,4.2,3.7,3.6,230,51
STAT,ARTSC,Meth Data Analysis STA302H1-F-LEC5101,Lin,Wei,Summer,2017,4.1,4.2,4.3,4.3,4.2,4.2,4.3,3.7,3.7,194,34
STAT,ARTSC,Prac of Statistics I STA220H1-F-LEC5101,Al Labadi,Luai,Summer,2017,3.9,4.2,4.1,4.1,4.1,4,4.4,2.9,4,253,77
STAT,ARTSC,Prob Comp Appl STA247H1-F-LEC5101,Huynh Wong,Karen,Summer,2017,4,4.5,4.7,4.2,4.3,4.1,4.4,3.2,3.8,62,25
STAT,ARTSC,Probability & Stat I STA257H1-F-LEC5101,Al Labadi,Luai,Summer,2017,4.2,4.4,4.6,4.3,4.3,4.4,4.7,3.3,4.1,108,38
STAT,ARTSC,Survey Sam & Obs Data STA304H1-F-LEC5101,Banjevic,Dragan,Summer,2017,3.3,3.4,3.2,3.3,3.2,3.1,3.3,2.9,3.4,197,34
STAT,ARTSC,Data Analysis II STA303H1-S-LEC5101,Negrea,Jeffrey,Summer,2017,4.1,4.1,4.2,4.2,4,3.9,4,4,4,62,24
STAT,ARTSC,Design SCI Studies STA305H1-S-LEC5101,Ebden,Mark,Summer,2017,3.8,4,4.1,3.7,3.8,3.8,3.9,3.3,3.6,130,42
STAT,ARTSC,Financial Principles I ACT245H1-S-LEC5101,Wang,Yu,Summer,2017,4.2,4.3,4.3,4.3,4.2,4.2,4.2,2.7,4.2,23,6
STAT,ARTSC,Intro Life Conting I ACT247H1-S-LEC5101,Zaman,Shehreen,Summer,2017,3.4,3.3,3.2,3.3,3.4,3,3.3,3.3,3.1,23,12
STAT,ARTSC,Prac of Statistics II STA221H1-S-LEC5101,Montgomery,Neil,Summer,2017,3.7,4,4.1,3.5,3.6,3.8,4.4,2.5,3.9,25,10
STAT,ARTSC,Probability I STA347H1-S-LEC5101,Jang,Gun,Summer,2017,3.2,3,2.7,3,3,2.6,2.9,4,2.5,149,39
STAT,ARTSC,Probabilty & Stat II STA261H1-S-LEC5101,Montgomery,Neil,Summer,2017,3.9,4.2,4.3,4,4.1,4.1,4.5,3,4,101,36
STAT,ARTSC,Statistical Theory STA255H1-S-LEC5101,Hatefi,Armin,Summer,2017,3.8,3.8,3.6,3.9,3.9,3.5,3.6,3.1,3.6,151,44
STAT,ARTSC,Stats For Comp Sci STA248H1-S-LEC5101,Negrea,Jeffrey,Summer,2017,4.1,4.1,3.7,4.4,4.1,3.8,3.7,3.1,3.5,69,33
STAT,ARTSC,Time Series Analysis STA457H1-S-LEC5101,Lin,Jen-Wen,Summer,2017,4,3.7,4,3.7,3.7,3.7,4,3.1,3.6,219,45
STAT,ARTSC,Financial Principles I ACT245H1-S-LEC0101,Wang,Yu,Winter,2017,3.4,3.5,3.1,3.2,3.2,3.1,2.9,3,2.8,103,32
STAT,ARTSC,Intro Life Conting I ACT247H1-S-LEC0101,Zhang,Jingjing,Winter,2017,4.2,4.3,4.3,4.1,4.1,4,4.4,3.5,3.6,107,39
STAT,ARTSC,Financial Principles II ACT370H1-S-LEC0101,Huang,Xuancheng,Winter,2017,3.5,3.5,2.8,3.1,3.3,2.8,3.1,3.4,2.9,95,32
STAT,ARTSC,Financial Principles II ACT370H1-S-LEC2001,Huang,Xuancheng,Winter,2017,3.4,3.7,3.3,3.6,3.7,3.3,2.9,3,3.3,26,7
STAT,ARTSC,Actuarial Science ACT372H1-S-LEC5101,Le,Anh,Winter,2017,4.6,4.5,4.4,4.4,4.3,3.9,4.3,4.3,4.2,20,12
STAT,ARTSC,Loss Models II ACT452H1-S-LEC0101,Broverman,Samuel,Winter,2017,4.8,4.8,4.8,4.8,4.8,4.7,4.6,3,3.8,14,5
STAT,ARTSC,Adv Topics Act Sci ACT455H1-S-LEC0101,Badescu,Andrei,Winter,2017,4,4.3,3.9,3.6,3.6,3.6,3.8,3.2,3.2,34,13
STAT,ARTSC,Credibility & Simulatn ACT466H1-S-LEC0101,Badescu,Andrei,Winter,2017,4.8,4.8,4.8,4.8,4.6,4.5,4.4,3,3.8,11,5
STAT,ARTSC,Insurance Products ACT475H1-S-LEC0101,Zhang,Jingjing,Winter,2017,4.6,4.5,4.7,4.4,4.2,4.1,4.7,4,4.4,19,13
STAT,ARTSC,STAT Reasoning STA130H1-S-LEC0101,Rosenthal,Jeffrey,Winter,2017,4.2,4.2,4.5,4.2,4.5,4.2,4.6,2.9,4.3,64,25
STAT,ARTSC,Why Numbers Matter STA201H1-S-LEC0101,White,Bethany,Winter,2017,3.2,3.6,4.3,3.8,3.9,3.7,4.3,2.7,3.9,149,44
STAT,ARTSC,Prac of Statistics II STA221H1-S-LEC0101,Montgomery,Neil,Winter,2017,3.3,3.6,3.4,3.3,3.4,3.1,3.4,2.7,3,103,43
STAT,ARTSC,Prob Comp Appl STA247H1-S-LEC0101,Huynh Wong,Karen,Winter,2017,4,4.2,4.4,4.5,4.4,4.1,4.3,3.2,4,141,40
STAT,ARTSC,Stats For Comp Sci STA248H1-S-LEC0101,Huynh Wong,Karen,Winter,2017,3.7,3.8,3.8,3.9,3.8,3.4,3.7,3.2,3.2,185,64
STAT,ARTSC,Statistical Theory STA255H1-S-LEC0101,White,Bethany,Winter,2017,3.3,3.2,2.9,2.9,2.9,2.5,3.2,3.6,2.4,165,53
STAT,ARTSC,Statistical Theory STA255H1-S-LEC0201,White,Bethany,Winter,2017,2.81,2.78,2.71,2.76,2.72,2.32,3.05,3.59,2.42,411,133
STAT,ARTSC,Probabilty & Stat II STA261H1-S-LEC0101,Harari,Ofir,Winter,2017,3.5,3.7,3.2,3.6,3.7,3.2,3.3,3.2,3.2,247,73
STAT,ARTSC,Probabilty & Stat II STA261H1-S-LEC5101,Harari,Ofir,Winter,2017,3.8,3.8,3.6,3.8,3.8,3.5,3.4,3.3,3,114,40
STAT,ARTSC,Data Analysis II STA303H1-S-LEC0101,Lin,Wei,Winter,2017,4.1,4,3.9,4.1,4,3.6,3.9,3.7,3.7,159,57
STAT,ARTSC,Data Analysis II STA303H1-S-LEC0201,Lin,Wei,Winter,2017,3.7,3.9,3.7,4,4,3.8,3.8,3.6,3.6,122,36
STAT,ARTSC,Survey Sam & Obs Data STA304H1-S-LEC0101,Banjevic,Dragan,Winter,2017,3.5,3.7,3.4,3.5,3.6,3.4,3.6,2.9,3.6,233,48
STAT,ARTSC,Design SCI Studies STA305H1-S-LEC0101,Taback,Nathan,Winter,2017,4.2,4.4,4.7,4.6,4.5,4.4,4.7,3.3,4.2,170,42
STAT,ARTSC,Design SCI Studies STA305H1-S-LEC0201,Lin,Wei,Winter,2017,3.3,3.6,3.3,3.8,3.6,3.2,3.5,3.7,3.3,239,61
STAT,ARTSC,Data Mining STA414H1-S-LEC0101,Duvenaud,David,Winter,2017,3.7,3.2,3.3,3.1,3,2.4,3.6,4.2,2.6,51,22
STAT,ARTSC,Data Mining STA414H1-S-LEC5101,Ebden,Mark,Winter,2017,4.2,3.4,3.7,3.3,3.1,2.9,3.5,3.9,3.2,44,19
STAT,ARTSC,Meth Multivar Data STA437H1-S-LEC0101,Kong,Dehan,Winter,2017,4.3,4.4,4.4,4.5,4.5,4.1,4.4,3,4.3,169,52
STAT,ARTSC,Stochastic Processes STA447H1-S-LEC5101,Rosenthal,Jeffrey,Winter,2017,4.7,4.8,4.8,4.7,4.8,4.5,4.7,3.1,4.5,84,27
STAT,ARTSC,Math Statistics II STA453H1-S-LEC0101,Brenner,David,Winter,2017,3.8,4,4,3.8,3.8,2.5,4,2.8,3.2,16,5
STAT,ARTSC,Time Series Analysis STA457H1-S-LEC0101,Knight,Keith,Winter,2017,4.1,4,4,4.2,4.2,3.9,4.1,3.3,4,216,67
STAT,ARTSC,Time Series Analysis STA457H1-S-LEC5101,Zhou,Zhou,Winter,2017,3.5,3.5,3.4,3.6,3.5,3.1,3.3,3.8,3.1,93,17
STAT,ARTSC,Stat Collaboration STA490Y1-Y-LEC0101,Gibbs,Alison,Winter,2017,4.8,5,5,4.9,5,5,5,3.2,4.9,23,10
STAT,ARTSC,Math of Finance ACT230H1-F-LEC0101,Badescu,Andrei,Fall,2016,3.1,3,2.8,2.8,2.9,2.6,2.8,2.9,2.4,111,31
STAT,ARTSC,Fund Invest & Credit ACT240H1-F-LEC0101,Zhang,Jingjing,Fall,2016,3.7,4.2,3.9,4,3.8,3.8,3.9,3.4,3.7,148,52
STAT,ARTSC,Adv Life Contingen ACT348H1-F-LEC0101,Badescu,Andrei,Fall,2016,3.9,4,3.8,3.2,3.2,3.3,3.8,3.7,3,92,31
STAT,ARTSC,Top Actuarial Math ACT349H1-F-LEC0101,Zhang,Jingjing,Fall,2016,4.7,4.8,4.8,4.6,4.6,4.6,4.7,3.1,4.4,52,21
STAT,ARTSC,Basic P&C Reserving ACT371H1-F-LEC0101,Cheng,Houston,Fall,2016,4,4.2,4.2,4,3.9,3.6,3.8,4.2,3.5,37,13
STAT,ARTSC,Loss Models ACT451H1-F-LEC0101,Lin,Xiaodong,Fall,2016,4.6,4.6,4.4,4.3,4.4,4.2,4.4,3.3,3.9,20,7
STAT,ARTSC,Stochastic Methods ACT460H1-F-LEC0101,Lin,Xiaodong,Fall,2016,4.4,4.4,4.6,4.4,4.6,4.2,3.7,3.2,3.7,30,6
STAT,ARTSC,Prac of Statistics I STA220H1-F-LEC0101,Taback,Nathan,Fall,2016,3.1,3.5,3.9,3.3,3.5,3,4.1,3.2,3,248,69
STAT,ARTSC,Prac of Statistics I STA220H1-F-LEC0201,Vukov,Augustin,Fall,2016,3.1,3.6,3.1,3.3,3.4,2.7,3.4,3,2.9,228,84
STAT,ARTSC,Prac of Statistics I STA220H1-F-LEC0301,Taback,Nathan,Fall,2016,3.2,3.5,3.8,3.5,3.5,3.1,3.9,3.4,3.2,230,78
STAT,ARTSC,Prac of Statistics I STA220H1-F-LEC0401,Huynh Wong,Karen,Fall,2016,3.2,3.5,3.5,3.3,3.3,2.9,3.6,3.2,3,335,99
STAT,ARTSC,Prac of Statistics I STA220H1-F-LEC5101,Huynh Wong,Karen,Fall,2016,3.6,4,4.4,3.8,3.8,3.7,4.3,3.3,3.5,237,73
STAT,ARTSC,Prac of Statistics I STA220H1-F-LEC9901,White,Bethany,Fall,2016,3.5,3.6,3.7,3.8,3.7,3.2,3.9,3.6,3.1,148,46
STAT,ARTSC,Prac of Statistics I STA220H1-F-LEC9902,White,Bethany,Fall,2016,3.8,3.8,3.8,3.8,3.8,3.2,3.6,3.8,3.2,20,5
STAT,ARTSC,Prob Comp Appl STA247H1-F-LEC0101,Huynh Wong,Karen,Fall,2016,3.7,3.9,3.7,3.9,3.8,3.4,3.8,3.5,3.1,361,128
STAT,ARTSC,Probability & Stat I STA257H1-F-LEC0101,Montgomery,Neil,Fall,2016,3.7,3.8,3.6,3.2,3.3,3.1,3.7,3.2,3.2,307,101
STAT,ARTSC,Probability & Stat I STA257H1-F-LEC5101,Banjevic,Dragan,Fall,2016,3.1,3.1,2.6,2.7,2.7,2.4,2.7,3.2,2.5,120,46
STAT,ARTSC,Meth Data Analysis STA302H1-F-LEC0101,Lin,Wei,Fall,2016,3.7,3.7,3.3,4,3.7,3,3.3,3.6,3.3,311,80
STAT,ARTSC,Meth Data Analysis STA302H1-F-LEC2001,Lin,Wei,Fall,2016,4,4.1,3.4,4.1,3.9,3.2,3.6,3,3.6,24,7
STAT,ARTSC,Meth Data Analysis STA302H1-F-LEC5101,Lin,Wei,Fall,2016,3.7,3.8,3.3,3.8,3.9,3.3,3.4,3.5,3.3,222,65
STAT,ARTSC,Survey Sam & Obs Data STA304H1-F-LEC0101,Banjevic,Dragan,Fall,2016,3,3.3,2.7,3,3.1,2.7,2.7,2.9,3,389,73
STAT,ARTSC,Probability I STA347H1-F-LEC2001,Zhou,Zhou,Fall,2016,3.4,3.4,3,3.1,3.1,2.8,3.3,3.1,2.9,27,7
STAT,ARTSC,Probability I STA347H1-F-LEC5101,Zhou,Zhou,Fall,2016,4,4.2,4.2,4.2,4.1,3.9,4.1,3.2,3.8,321,93
STAT,ARTSC,Theory Sta Practice STA355H1-F-LEC0101,Knight,Keith,Fall,2016,3.8,3.8,4.1,4,4,3.6,3.9,3.4,3.5,131,38
STAT,ARTSC,Statistical Comput STA410H1-F-LEC0101,Craiu,Virgil,Fall,2016,3.3,3.2,2.5,3,2.8,2.3,2.7,3.8,2.2,52,20
STAT,ARTSC,Theory of Stat Inf STA422H1-F-LEC0101,Lin,Wei,Fall,2016,4.7,4.5,4.7,4.5,4.7,4.5,4.5,3.2,4.5,10,6
STAT,ARTSC,Meth Multivar Data STA437H1-F-LEC0101,Yao,Fang,Fall,2016,3.5,3.8,3.4,3.6,3.5,3.1,3.4,3.3,3.1,69,16
STAT,ARTSC,Methods Applied Stat STA442H1-F-LEC0101,Brunner,Lawrence,Fall,2016,3.9,3.9,3.9,4,4,3.5,4.3,3.8,3.7,82,31
STAT,ARTSC,Math Statistics I STA452H1-F-LEC0101,Brenner,David,Fall,2016,2.8,2.6,3.2,2.8,2.8,1.8,3.4,4,1.6,21,5
STAT,ARTSC,Math of Finance ACT230H1-F-LEC5101,Smart,Stokeley,Summer,2016,3.2,3,2.8,2.3,2.2,2.5,N/A,N/A,N/A,39,6
STAT,ARTSC,Fund Invest & Credit ACT240H1-F-LEC5101,Smart,Stokeley,Summer,2016,3.9,3.9,3.8,3.7,3.6,3.5,N/A,N/A,N/A,44,13
STAT,ARTSC,Financial Principles I ACT245H1-S-LEC5101,Wang,Yu,Summer,2016,4.4,4.5,4.6,4.2,4.4,4.2,4.5,3,4.6,30,11
STAT,ARTSC,Intro Life Conting I ACT247H1-S-LEC5101,Zaman,Shehreen,Summer,2016,4,3.9,3.6,4,3.7,3.2,3.2,3.4,3.3,34,10
STAT,ARTSC,Prac of Statistics I STA220H1-F-LEC5101,Liu,Zi,Summer,2016,3.5,3.8,3.3,3.9,3.9,3.3,N/A,N/A,N/A,213,77
STAT,ARTSC,Prac of Statistics II STA221H1-S-LEC5101,Chen,Bo,Summer,2016,2.6,2.9,2.4,2.6,1.9,2,2.3,2.8,2.1,29,12
STAT,ARTSC,Prob Comp Appl STA247H1-F-LEC5101,Al Labadi,Luai,Summer,2016,4.1,4.4,4.7,4.6,4.6,4.3,N/A,N/A,N/A,59,21
STAT,ARTSC,Stats For Comp Sci STA248H1-S-LEC5101,Sue-Chee,Shivon,Summer,2016,3.2,3.6,3,3.8,3.7,3.2,3.1,3.1,3.1,52,17
STAT,ARTSC,Statistical Theory STA255H1-S-LEC5101,Al Labadi,Luai,Summer,2016,4.2,4,4.2,4.1,4.2,4,4.3,3.5,4,110,25
STAT,ARTSC,Probability & Stat I STA257H1-F-LEC5101,Sue-Chee,Shivon,Summer,2016,3.3,3.5,2.9,3.6,3.4,2.9,N/A,N/A,N/A,72,28
STAT,ARTSC,Probabilty & Stat II STA261H1-S-LEC5101,Liu,Zi,Summer,2016,3.2,3.2,2.9,3.3,3.4,2.8,3.4,3.6,2.9,126,41
STAT,ARTSC,Meth Data Analysis STA302H1-F-LEC0101,Burkett,Craig,Summer,2016,3.5,3.6,3.6,3.8,3.7,3.4,N/A,N/A,N/A,243,48
STAT,ARTSC,Meth Data Analysis STA302H1-F-LEC5101,Burkett,Craig,Summer,2016,4,4,3.7,4,3.9,3.5,N/A,N/A,N/A,152,38
STAT,ARTSC,Data Analysis II STA303H1-S-LEC5101,Guerzhoy,Michael,Summer,2016,4.2,4.2,4.3,4.2,4,3.6,4.4,3.5,4.1,54,17
STAT,ARTSC,Survey Sam & Obs Data STA304H1-F-LEC5101,Banjevic,Dragan,Summer,2016,3.1,3.1,2.7,3.2,3.3,2.8,N/A,N/A,N/A,171,38
STAT,ARTSC,Design SCI Studies STA305H1-S-LEC5101,Ebden,Mark,Summer,2016,3.3,3.7,3.4,3.8,3.7,3.2,3.3,3.5,3.4,143,24
STAT,ARTSC,Probability I STA347H1-S-LEC5101,Jang,Gun,Summer,2016,3.1,3.1,2.6,3.2,2.7,2.5,3.1,4.1,2.4,92,16
STAT,ARTSC,Time Series Analysis STA457H1-S-LEC5101,Lin,Jen-Wen,Summer,2016,3,2.9,2.5,2.9,3,2.4,2.9,3,2.5,110,28
STAT,ARTSC,Actuarial Practice ACT473H1-S-LEC0101,Broverman,Samuel,Winter,2016,4,4.2,3.2,4.3,4.3,4.2,3.2,2.5,4.5,13,6
STAT,ARTSC,Actuarial Practice ACT473H1-S-LEC0101,Genno,Charles,Winter,2016,4,4.2,4,4.3,4.3,4.2,4,2.5,4.5,13,6
STAT,ARTSC,Actuarial Practice ACT473H1-S-LEC0101,Lyons,Howard,Winter,2016,4,4.2,4,4.3,4.3,4.2,4,2.5,4.5,13,6
STAT,ARTSC,Adv Topics Act Sci ACT455H1-S-LEC0101,Badescu,Andrei,Winter,2016,4.1,3.9,3.9,3.5,3.9,4,3.9,3,3.3,34,8
STAT,ARTSC,Credibility & Simulatn ACT466H1-S-LEC0101,Badescu,Andrei,Winter,2016,3.9,4,4.3,3.9,4,4,4.3,3.6,3.5,30,8
STAT,ARTSC,Data Analysis II STA303H1-S-LEC0101,Burkett,Craig,Winter,2016,3.6,3.7,3.4,3.5,3.5,3.1,3.6,3.8,3.1,156,43
STAT,ARTSC,Data Analysis II STA303H1-S-LEC0201,Burkett,Craig,Winter,2016,3.6,3.4,3.4,3.3,3.2,3.1,3.4,3.9,3.2,117,30
STAT,ARTSC,Design SCI Studies STA305H1-S-LEC0101,Taback,Nathan,Winter,2016,4.1,4.1,4.4,4.2,4.2,4.1,4.3,3.1,4.2,162,34
STAT,ARTSC,Financial Principles I ACT245H1-S-LEC0101,Wang,Yu,Winter,2016,4.1,4.4,4.1,3.6,3.7,3.7,4.1,2.8,4,101,27
STAT,ARTSC,Financial Principles II ACT370H1-S-LEC0101,Huang,Xuancheng,Winter,2016,3.5,3.4,2.7,3,3.1,2.4,2.5,3.7,2.7,75,25
STAT,ARTSC,Financial Principles II ACT370H1-S-LEC2001,Huang,Xuancheng,Winter,2016,2.8,3.2,2.8,2,2.2,2.2,2.7,3.2,2.2,17,7
STAT,ARTSC,Intro Life Conting I ACT247H1-S-LEC0101,Zaman,Shehreen,Winter,2016,3.5,3.6,2.8,2.9,2.8,2.6,2.9,3.5,2.9,103,40
STAT,ARTSC,Loss Models II ACT452H1-S-LEC0101,Badescu,Andrei,Winter,2016,3.9,4,4,3.7,3.9,3.8,4.1,3.2,3.4,32,10
STAT,ARTSC,Meth Multivar Data STA437H1-S-LEC0101,Knight,Keith,Winter,2016,3.7,3.9,3.8,4.2,4,3.9,3.8,3.1,3.8,124,36
STAT,ARTSC,Prac of Statistics II STA221H1-S-LEC0101,Vukov,Augustin,Winter,2016,3.1,3.3,3.2,3.4,3.4,3,3.5,3.2,2.7,106,39
STAT,ARTSC,Prob Comp Appl STA247H1-S-LEC0101,Al Labadi,Luai,Winter,2016,3.8,4.1,4.2,4.3,4.2,3.9,4.3,3.2,3.9,125,31
STAT,ARTSC,Probabilty & Stat II STA261H1-S-LEC0101,Sue-Chee,Shivon,Winter,2016,3.5,3.3,2.9,3.4,3.4,2.9,3,3.2,3.2,183,44
STAT,ARTSC,Probabilty & Stat II STA261H1-S-LEC5101,Burkett,Craig,Winter,2016,3.9,3.9,4,3.8,3.9,3.7,4,3.5,3.6,147,31
STAT,ARTSC,STAT Reasoning STA130H1-S-LEC0101,Rosenthal,Jeffrey,Winter,2016,4.3,4.5,3.9,4.4,4.4,4.1,4.2,3.1,4.5,82,18
STAT,ARTSC,Statistical Theory STA255H1-S-LEC0101,Chilina,Olga,Winter,2016,3.7,3.9,3.8,3.8,3.8,3.5,3.8,3.4,3.7,363,65
STAT,ARTSC,Statistical Theory STA255H1-S-LEC0201,Chilina,Olga,Winter,2016,3.7,3.6,3.7,4,4,3.5,3.7,3.3,3.3,100,25
STAT,ARTSC,Stats For Comp Sci STA248H1-S-LEC0101,Sue-Chee,Shivon,Winter,2016,2.8,3,2.4,3.3,3.3,2.3,2.4,2.8,2.4,171,50
STAT,ARTSC,Stochastic Processes STA447H1-S-LEC5101,Rosenthal,Jeffrey,Winter,2016,4.5,4.7,4.6,4.5,4.4,4.4,4.7,3.2,4.4,75,29
STAT,ARTSC,Survey Sam & Obs Data STA304H1-S-LEC0101,Montgomery,Neil,Winter,2016,3.7,4,4.2,3.9,4.2,4,4.1,2.5,4.3,112,23
STAT,ARTSC,Time Series Analysis STA457H1-S-LEC0101,Knight,Keith,Winter,2016,4,3.9,4,4.1,4,3.8,4,3.4,3.6,87,22
STAT,ARTSC,Time Series Analysis STA457H1-S-LEC5101,Lin,Jen-Wen,Winter,2016,3.7,3.8,3.6,4.1,4.1,3.7,3.7,2.6,4,123,24
STAT,ARTSC,Math of Finance ACT230H1-F-LEC5101,Tang,Dameng,Fall,2015,3,3.2,2.2,3.4,3.3,2.4,2.4,3,2.5,89,29
STAT,ARTSC,Fund Invest & Credit ACT240H1-F-LEC0101,Badescu,Andrei,Fall,2015,4,4.2,4.1,3.8,3.8,3.8,4,3.2,3.7,140,42
STAT,ARTSC,Adv Life Contingen ACT348H1-F-LEC0101,Badescu,Andrei,Fall,2015,3.5,3.6,3.4,3,3.3,3.1,3.6,3.6,3.1,86,20
STAT,ARTSC,Top Actuarial Math ACT349H1-F-LEC0101,Thung,Lucas,Fall,2015,3.4,3.5,3.3,3.3,3.1,3.1,3.3,3.1,3.2,53,22
STAT,ARTSC,Basic P&C Reserving ACT371H1-F-LEC0101,Cheng,Houston,Fall,2015,4,4,3.6,3.9,4.1,4,3.4,4.3,3.6,28,9
STAT,ARTSC,Loss Models ACT451H1-F-LEC0101,Lin,Xiaodong,Fall,2015,4.3,4.3,4.1,4.1,4.1,4,4.4,3.1,4.3,35,7
STAT,ARTSC,Stochastic Methods ACT460H1-F-LEC0101,Lin,Xiaodong,Fall,2015,4.5,4.3,4.2,4.3,4.2,4.2,4.3,3.2,3.8,41,6
STAT,ARTSC,Stochastic Methods ACT460H1-F-LEC2001,Lin,Xiaodong,Fall,2015,3.6,3.8,3.6,3.7,3.6,3.7,3.6,3.2,3.2,33,11
STAT,ARTSC,Why Numbers Matter STA201H1-F-LEC0101,Rosenthal,Jeffrey,Fall,2015,4.3,4.4,4.6,4.4,4.6,4.5,4.6,2,4.6,123,49
STAT,ARTSC,Prac of Statistics I STA220H1-F-LEC0101,Chilina,Olga,Fall,2015,3.3,3.8,3.9,3.6,3.8,3.4,3.7,3.2,3.2,365,95
STAT,ARTSC,Prac of Statistics I STA220H1-F-LEC0201,Taback,Nathan,Fall,2015,2.9,3.4,3.5,2.9,3.1,2.7,3.6,3.3,2.8,164,53
STAT,ARTSC,Prac of Statistics I STA220H1-F-LEC0301,Sue-Chee,Shivon,Fall,2015,2.4,2.5,2.1,2.5,2.7,1.9,2.4,3.3,2.2,221,113
STAT,ARTSC,Prac of Statistics I STA220H1-F-LEC0401,Taback,Nathan,Fall,2015,3.3,3.3,3,3.2,3.2,2.8,3.2,3.6,3,181,60
STAT,ARTSC,Prac of Statistics I STA220H1-F-LEC0501,Taback,Nathan,Fall,2015,2.7,3,2.3,2.3,2.3,2.2,2.7,4,1.7,27,6
STAT,ARTSC,Prac of Statistics I STA220H1-F-LEC0601,Hasler,Caren,Fall,2015,3.1,3.7,4,3.4,3.4,3.1,3.8,3.2,3.2,207,62
STAT,ARTSC,Prac of Statistics I STA220H1-F-LEC5101,Chilina,Olga,Fall,2015,3.4,3.5,3.7,3.4,3.4,3,3.7,3.2,3.1,264,68
STAT,ARTSC,Prob Comp Appl STA247H1-F-LEC0101,Al Labadi,Luai,Fall,2015,3.8,4,4.1,4.1,4.1,3.7,4.1,3.1,4,312,97
STAT,ARTSC,Probability & Stat I STA257H1-F-LEC0101,Sue-Chee,Shivon,Fall,2015,3,3,2.3,2.7,2.7,2.3,2.4,3.3,2.4,295,89
STAT,ARTSC,Probability & Stat I STA257H1-F-LEC5101,Chilina,Olga,Fall,2015,4,4,4.2,4.1,4.3,4,4.2,3.2,4,136,40
STAT,ARTSC,Meth Data Analysis STA302H1-F-LEC0101,Burkett,Craig,Fall,2015,3.7,3.8,3.7,3.6,3.5,3.4,3.8,4,3.5,304,84
STAT,ARTSC,Meth Data Analysis STA302H1-F-LEC2001,Burkett,Craig,Fall,2015,3.8,4.4,4.2,4.6,4.6,4,4.4,2.8,4.6,15,5
STAT,ARTSC,Meth Data Analysis STA302H1-F-LEC5101,Burkett,Craig,Fall,2015,3.4,3.6,3.4,3.3,3.3,3.1,3.5,4.3,3.2,126,27
STAT,ARTSC,Survey Sam & Obs Data STA304H1-F-LEC0101,Sue-Chee,Shivon,Fall,2015,3.1,3.3,2.9,3.3,3.2,3,3,2.8,3.2,387,97
STAT,ARTSC,Probability I STA347H1-F-LEC2001,Banjevic,Dragan,Fall,2015,2.8,2.8,2,1.8,1.8,2,2,3.6,2.2,15,6
STAT,ARTSC,Probability I STA347H1-F-LEC5101,Banjevic,Dragan,Fall,2015,2.7,2.8,2.2,2.5,2.8,2.1,2.4,3.4,2.2,128,36
STAT,ARTSC,Theory Sta Practice STA355H1-F-LEC0101,Knight,Keith,Fall,2015,4,3.8,4.1,4,3.9,3.9,4.2,3.3,3.7,98,31
STAT,ARTSC,Statistical Comput STA410H1-F-LEC0101,Neal,Radford,Fall,2015,3.7,3.3,3.3,3.4,3.3,2.9,3.8,4.1,2.9,63,22
STAT,ARTSC,Data Mining STA414H1-F-LEC0101,Salakhutdinov,Ruslan,Fall,2015,4.6,4.5,4.5,4.5,4.5,4.5,4.7,3.6,4.6,41,12
STAT,ARTSC,Theory of Stat Inf STA422H1-F-LEC0101,Lin,Wei,Fall,2015,4.6,4.8,4.8,4.8,4.8,4.7,4.8,3.2,4.8,13,12
STAT,ARTSC,Methods Applied Stat STA442H1-F-LEC0101,Burkett,Craig,Fall,2015,3.6,3.9,4,4,3.9,3.7,3.8,4.3,3.6,64,21
STAT,ARTSC,Math Statistics I STA452H1-F-LEC0101,Craiu,Virgil,Fall,2015,3.9,3.9,3.6,4.1,3.9,3.6,3.7,3.2,3.2,32,12
STAT,ARTSC,Statistical Genetics STA480H1-F-LEC0101,Sun,Lei,Fall,2015,4.1,4.3,4.2,4.3,4.5,4.3,3.8,2.9,4.1,23,12
STAT,ARTSC,Financial Principles I ACT245H1-S-LEC5101,Pitt,Jack,Summer,2015,3,3,3.6,3.1,3.1,3.1,3.6,2.9,2.6,22,8
STAT,ARTSC,Fund Invest & Credit ACT240H1-F-LEC5101,Wang,Yu,Summer,2015,3.4,3.9,4,4,3.3,3.5,4,3.2,3.3,31,10
STAT,ARTSC,Intro Life Conting I ACT247H1-S-LEC5101,Zaman,Shehreen,Summer,2015,3,3.3,2.9,3,3,3,3,3.6,2.9,28,10
STAT,ARTSC,Math of Finance ACT230H1-F-LEC5101,Szaura,Stephen,Summer,2015,3.8,4,4,4,4,3.8,3.6,3.4,3.8,38,6
STAT,ARTSC,Meth Data Analysis STA302H1-F-LEC5101,Burkett,Craig,Summer,2015,3.7,3.8,3.9,3.9,3.8,3.6,4,3.6,3.6,228,54
STAT,ARTSC,Prac of Statistics I STA220H1-F-LEC5101,Vukov,Augustin,Summer,2015,3.5,3.8,3.7,3.7,3.6,3.4,3.8,3.5,3.7,197,50
STAT,ARTSC,Prob Comp Appl STA247H1-F-LEC5101,Al Labadi,Luai,Summer,2015,3.9,4.1,4.2,4.3,4.4,4.1,4.2,3,3.9,60,21
STAT,ARTSC,Probability & Stat I STA257H1-F-LEC5101,Wu,PanPan,Summer,2015,2.7,3,2.1,2.8,2.9,2,2.1,3,2.3,93,42
STAT,ARTSC,Probability I STA347H1-S-LEC5101,Jang,Gun,Summer,2015,3.1,3.1,2.8,2.7,3,2.2,3,3.1,2.6,75,22
STAT,ARTSC,Probabilty & Stat II STA261H1-S-LEC5101,Yan,Zihao,Summer,2015,3.4,3.6,3.2,3.1,3.2,2.9,3.5,3.8,2.8,114,42
STAT,ARTSC,Statistical Theory STA255H1-S-LEC5101,Sue-Chee,Shivon,Summer,2015,3.7,3.9,3.8,3.8,3.9,3.7,3.9,3.7,3.9,100,18
STAT,ARTSC,Survey Sam & Obs Data STA304H1-F-LEC5101,Sue-Chee,Shivon,Summer,2015,3.4,3.5,3.4,3.7,3.6,3.3,3.4,3.3,3.5,155,39
STAT,ARTSC,Time Series Analysis STA457H1-S-LEC5101,Lin,Jen Wen,Summer,2015,3.2,3.1,2.7,3.2,3.2,2.6,3,3.3,2.9,172,35
STAT,ARTSC,Financial Principles I ACT245H1-S-LEC0101,Wang,Heng,Winter,2015,3.8,3.8,4,3.5,3.4,3.8,4.1,3,3.8,110,29
STAT,ARTSC,Intro Life Conting I ACT247H1-S-LEC0101,Zaman,Shehreen,Winter,2015,3.2,3.8,3.2,3.7,3.7,3.1,3.1,3.4,3.3,103,25
STAT,ARTSC,Financial Principles II ACT370H1-S-LEC0101,Huang,Xuancheng,Winter,2015,3.6,3.6,3.6,3.5,3.6,3.5,3.8,3.1,3.6,72,15
STAT,ARTSC,Adv Topics Act Sci ACT455H1-S-LEC0101,Badescu,Andrei,Winter,2015,3.9,3.9,3.6,3.4,3.4,3.1,3.4,2.9,3.4,29,9
STAT,ARTSC,Credibility & Simulatn ACT466H1-S-LEC0101,Badescu,Andrei,Winter,2015,3.3,3.8,4.3,4.3,3.7,3.5,3.8,3.3,3.8,19,5
STAT,ARTSC,Actuarial Practice ACT473H1-S-LEC0101,Lyons,Howard,Winter,2015,4.2,4,3.8,3.6,4.2,4,4.4,1.6,4.3,12,5
STAT,ARTSC,Insurance Products ACT475H1-S-LEC5101,Zhang,Jingjing,Winter,2015,4.2,4.3,4.1,4,4,4.2,4.4,3.5,4.5,24,9
STAT,ARTSC,Prac of Statistics II STA221H1-S-LEC0101,Vukov,Augustin,Winter,2015,2.9,3.2,2.8,3.2,3.3,2.7,2.6,3.7,2.5,87,28
STAT,ARTSC,Prob Comp Appl STA247H1-S-LEC0101,Al Labadi,Luai,Winter,2015,3.9,4.2,4.2,4.2,4.2,4,4.1,3.1,4,139,44
STAT,ARTSC,Stats For Comp Sci STA248H1-S-LEC0101,Chilina,Olga,Winter,2015,3.2,3.4,3.5,3.8,3.5,3.3,3.4,2.9,3.1,143,33
STAT,ARTSC,Statistical Theory STA255H1-S-LEC5101,Vukov,Augustin,Winter,2015,2.5,2.5,2,2.5,2.6,2,2.3,3.6,2,219,64
STAT,ARTSC,Probabilty & Stat II STA261H1-S-LEC5101,Lee,Jonathan,Winter,2015,4.3,4.3,4.6,4.2,4.2,4.2,4.5,3.1,4.4,153,62
STAT,ARTSC,Probabilty & Stat II STA261H1-S-LEC0101,Stafford,James,Winter,2015,2.9,2.9,2.4,3,3,2.4,2.8,3.5,2.7,118,34
STAT,ARTSC,Data Analysis II STA303H1-S-LEC0101,Sue-Chee,Shivon,Winter,2015,3.2,3.5,3.3,3.8,3.7,3.3,3.2,3.2,3.4,183,36
STAT,ARTSC,Survey Sam & Obs Data STA304H1-S-LEC0101,Ferreira,Tadeu,Winter,2015,2.7,2.9,2.6,3.2,3,2.5,2.7,3.2,2.6,199,48
STAT,ARTSC,Design SCI Studies STA305H1-S-LEC0101,Taback,Nathan,Winter,2015,4.1,4.4,4.4,4.4,4.4,4.3,4.5,3.5,4.3,155,35
STAT,ARTSC,Data Mining STA414H1-S-LEC0101,Salakhutdinov,Ruslan,Winter,2015,3.7,3.9,4,3.9,4.1,3.4,3.9,3.4,3.6,41,7
STAT,ARTSC,Stochastic Processes STA447H1-S-LEC5101,Vinogradov,Vladimir,Winter,2015,3.8,3.9,3,3.8,3.5,3,3.8,3.9,2.6,53,12
STAT,ARTSC,Math Statistics II STA453H1-S-LEC0101,Brenner,David,Winter,2015,4.8,5,5,5,4.8,4.8,4.8,3.6,4.8,17,5
STAT,ARTSC,Time Series Analysis STA457H1-S-LEC5101,Zhou,Zhou,Winter,2015,3.9,3.8,3.9,4.1,4,3.7,4,3.5,3.7,111,21
STAT,ARTSC,Math of Finance ACT230H1-F-LEC5101,Zhang,Jingjing,Fall,2014,2.9,3.4,3.4,2.9,2.8,2.6,3.5,3.2,2.7,63,30
STAT,ARTSC,Fund Invest & Credit ACT240H1-F-LEC0101,Zhang,Jingjing,Fall,2014,3.1,3.2,2.5,2.8,2.5,2.3,2.5,3.5,2.5,115,43
STAT,ARTSC,Adv Life Contingen ACT348H1-F-LEC0101,Szaura,Stephen,Fall,2014,3,3.3,2.8,3.3,3.6,2.9,2.7,2.9,2.7,68,16
STAT,ARTSC,Top Actuarial Math ACT349H1-F-LEC0101,Sharp,Keith,Fall,2014,4.2,4.1,4.1,4.2,4.2,3.9,4.3,3.4,4,65,18
STAT,ARTSC,Stochastic Methods ACT460H1-F-LEC0101,Lin,Xiaodong,Fall,2014,3.7,3.7,3.4,3.6,3.7,3,4,3.3,3.1,35,8
STAT,ARTSC,Stochastic Methods ACT460H1-F-LEC2001,Lin,Xiaodong,Fall,2014,3.4,3.2,3.2,3.4,3.6,3.2,3.4,3.6,3.4,17,5
STAT,ARTSC,Why Numbers Matter STA201H1-F-LEC0101,Rosenthal,Jeffrey,Fall,2014,4.2,4.4,4.8,4.3,4.4,4.5,4.8,2.2,4.8,86,42
STAT,ARTSC,Prac of Statistics I STA220H1-F-LEC0101,Taback,Nathan,Fall,2014,3.5,3.8,3.9,3.7,3.7,3.3,4.1,3.1,3.5,358,123
STAT,ARTSC,Prac of Statistics I STA220H1-F-LEC0201,Taback,Nathan,Fall,2014,3.4,3.6,4,3.6,3.7,3.3,4,3.3,3.5,148,59
STAT,ARTSC,Prac of Statistics I STA220H1-F-LEC0301,Gibbs,Alison,Fall,2014,3.4,3.7,3.9,3.5,3.6,3.1,4.3,3.5,3.4,222,82
STAT,ARTSC,Prac of Statistics I STA220H1-F-LEC5101,Chilina,Olga,Fall,2014,3.4,3.8,3.5,3.8,3.8,3.2,3.3,3.3,3.6,218,54
STAT,ARTSC,Prob Comp Appl STA247H1-F-LEC0101,Al Labadi,Luai,Fall,2014,3.3,3.6,3.4,4,4,3.3,3.5,2.9,3.2,361,129
STAT,ARTSC,Probability & Stat I STA257H1-F-LEC0101,Chilina,Olga,Fall,2014,3.8,3.9,4,3.9,4,3.7,3.8,3.1,3.9,290,102
STAT,ARTSC,Probability & Stat I STA257H1-F-LEC5101,Chilina,Olga,Fall,2014,3.7,3.8,3.8,3.9,4,3.6,3.7,2.7,3.7,79,23
STAT,ARTSC,Meth Data Analysis STA302H1-F-LEC0101,Burkett,Craig,Fall,2014,3.9,3.9,3.7,3.8,3.8,3.4,3.6,3.4,3.5,258,73
STAT,ARTSC,Meth Data Analysis STA302H1-F-LEC2001,Burkett,Craig,Fall,2014,3.9,4.1,4.3,3.7,3.9,3.8,3.4,3.3,3.8,19,11
STAT,ARTSC,Probability I STA347H1-F-LEC2001,Zhou,Zhou,Fall,2014,3.4,3.4,3.2,3.4,3.8,3.2,3,3.2,2.6,15,6
STAT,ARTSC,Probability I STA347H1-F-LEC5101,Zhou,Zhou,Fall,2014,3.8,3.6,3.6,3.6,3.6,3.3,3.7,3,3.3,261,71
STAT,ARTSC,Theory Sta Practice STA355H1-F-LEC0101,Sue-Chee,Shivon,Fall,2014,2.9,2.8,2.9,3.3,3.4,2.7,2.9,3.7,2.6,78,31
STAT,ARTSC,Statistical Comput STA410H1-F-LEC0101,Neal,Radford,Fall,2014,4.1,4.1,3.8,4.3,4.1,3.5,4,3.7,3.7,40,17
STAT,ARTSC,Theory of Stat Inf STA422H1-F-LEC0101,Fraser,Donald,Fall,2014,4,4.3,4.5,4.5,4.4,3.8,4.3,2.9,4,33,9
STAT,ARTSC,Meth Multivar Data STA437H1-F-LEC5101,Jang,Gun,Fall,2014,3.5,3.5,3.1,3.6,3.6,2.9,3.1,3.4,3.2,66,17
STAT,ARTSC,Methods Applied Stat STA442H1-F-LEC0101,Brunner,Lawrence,Fall,2014,4,3.9,4,4.4,4.3,3.5,4,4.5,3.9,48,17
STAT,ARTSC,Math Statistics I STA452H1-F-LEC0101,Brenner,David,Fall,2014,4.7,4.5,4.6,4.4,4.4,4.1,4.8,3.5,4.2,22,11
STAT,ARTSC,Financial Principles I ACT245H1-S -LEC5101,Wang,Heng,Summer,2014,4,4.4,4.8,4.6,4.6,4.4,4.8,3.6,4.2,25,6
STAT,ARTSC,Fund Invest & Credit ACT240H1-LEC0101,Pitt,Jack,Summer,2014,3.3,3.7,3.4,3.7,3.8,3.3,3.6,3.6,3.5,69,17
STAT,ARTSC,Intro Life Conting I ACT247H1-S -LEC5101,Du,Meng,Summer,2014,3.2,3.4,2.9,3.2,3.2,2.7,3,4,2.6,34,12
STAT,ARTSC,Math of Finance ACT230H1-LEC5101,Tang,Dameng,Summer,2014,4.6,4.6,5,4.6,4.8,4.6,4,3,4.2,29,5
STAT,ARTSC,Meth Data Analysis STA302H1-LEC5101,Burkett,Craig,Summer,2014,3.7,3.7,3.3,3.5,3.5,3,3.6,3.6,3.2,154,36
STAT,ARTSC,Prac of Statistics I STA220H1-LEC5101,Vukov,Augustin,Summer,2014,3.4,4,3.7,3.5,3.6,3.2,3.6,3.7,3.3,134,45
STAT,ARTSC,Prac of Statistics II STA221H1-S -LEC5101,Vukov,Augustin,Summer,2014,2.9,3,3.2,3.3,2.9,2.6,3,3.9,2.7,31,12
STAT,ARTSC,Prob Comp Appl STA247H1-LEC5101,Pitt,Jack,Summer,2014,3.7,3.6,4,3.7,3.3,3.2,3.7,3.4,3,74,14
STAT,ARTSC,Probability & Stat I STA257H1-LEC5101,Pitt,Jack,Summer,2014,3,2.9,2.8,3,3.1,2.5,3,3.4,2.7,122,29
STAT,ARTSC,Probability I STA347H1-S -LEC5101,Jang,Gun,Summer,2014,2.9,3.1,3,2.9,3,2.8,3.3,3.1,2.6,74,20
STAT,ARTSC,Probabilty & Stat II STA261H1-S -LEC5101,Lee,Jonathan,Summer,2014,4.3,4.4,4.8,4.3,4.3,4.2,4.5,3.2,4.3,94,36
STAT,ARTSC,Survey Sam & Obs Data STA304H1-LEC5101,Thinniyam,Ramya,Summer,2014,3.9,4.2,4.2,4.1,4.1,3.9,4.2,3.4,4.1,138,33
STAT,ARTSC,Time Series Analysis STA457H1-S -LEC5101,Lin,Jen Wen,Summer,2014,3.4,3.3,3.4,3.6,3.6,3.4,3.7,3,3.5,122,35
STAT,ARTSC,Financial Principles I ACT245H1-LEC0101,Zhang,Jingjing,Winter,2014,3.7,3.5,3,3.2,3.2,2.9,3.1,3.4,3,145,35
STAT,ARTSC,Intro Life Conting I ACT247H1-LEC0101,Zhang,Jingjing,Winter,2014,3.4,3.6,3.4,3.3,3.2,3.1,3.2,3.4,2.9,138,26
STAT,ARTSC,Financial Principles II ACT370H1-LEC0101,Pitt,Jack,Winter,2014,2.9,2.9,3,2.9,2.9,2.7,3.3,3.4,2.8,77,16
STAT,ARTSC,Financial Principles II ACT370H1-LEC2001,Pitt,Jack,Winter,2014,2.8,2.6,2.4,3.1,3,2.5,2.7,3.1,2.8,38,16
STAT,ARTSC,Adv Topics Act Sci ACT455H1-LEC0101,Badescu,Andrei,Winter,2014,3.8,3.5,3.6,3.3,3.3,3.1,3.3,3.1,2.8,44,15
STAT,ARTSC,Credibility & Simulatn ACT466H1-LEC0101,Badescu,Andrei,Winter,2014,4.2,3.8,4,3.8,3.7,3.8,3.8,3.5,3.2,29,6
STAT,ARTSC,Actuarial Practice ACT473H1-LEC0101,Lyons,Howard,Winter,2014,4,3.8,4.2,3.8,4.2,3.7,3.8,2.8,4.3,17,6
STAT,ARTSC,Prac of Statistics II STA221H1-LEC0101,Pitt,Jack,Winter,2014,3.7,4.1,4.1,3.9,4.2,3.9,4.2,3.4,3.7,134,49
STAT,ARTSC,Stats For Comp Sci STA248H1-LEC0101,Lazar,Radu,Winter,2014,3.3,3.7,3.3,3.8,3.8,3.2,3.6,2.7,3.3,133,41
STAT,ARTSC,Statistical Theory STA255H1-LEC5101,Taback,Nathan,Winter,2014,3.5,3.5,4,3.7,3.7,3.3,3.9,3.2,3.4,179,53
STAT,ARTSC,Probabilty & Stat II STA261H1-LEC0101,Lazar,Radu,Winter,2014,3.5,3.6,3.5,3.9,3.9,3.5,3.6,3.4,3.2,160,35
STAT,ARTSC,Probabilty & Stat II STA261H1-LEC5101,Lee,Jonathan,Winter,2014,4.3,4.2,4.7,4.2,4.4,4.2,4.3,2.9,4.2,128,47
STAT,ARTSC,Data Analysis II STA303H1-LEC0101,Thinniyam,Ramya,Winter,2014,3.9,4,4,4,4,3.7,4,3.4,3.9,163,46
STAT,ARTSC,Survey Sam & Obs Data STA304H1-LEC0101,Banjevic,Dragan,Winter,2014,3,3,3,2.9,2.9,2.7,2.8,3,3.1,236,48
STAT,ARTSC,Experimental Design STA305H1-LEC0101,Taback,Nathan,Winter,2014,3.9,4,4.2,4.2,4.2,3.8,4.1,3.3,4.1,124,31
STAT,ARTSC,Theory Sta Practice STA355H1-LEC0101,Knight,Keith,Winter,2014,4.4,4.5,4.5,4.6,4.5,4.4,4.3,3.5,4.2,65,21
STAT,ARTSC,Data Mining STA414H1-LEC0101,Neal,Radford,Winter,2014,3.8,3.9,3,3.3,3,2.9,3.6,4.3,2.9,44,11
STAT,ARTSC,Stochastic Processes STA447H1-LEC5101,Jang,Gun,Winter,2014,4,4.2,3.6,3.9,4.1,3.9,3.8,3.6,3.7,48,18
STAT,ARTSC,Math Statistics II STA453H1-LEC0101,Brenner,David,Winter,2014,4.3,4.4,4.7,4.6,4.5,4.3,4.7,3.4,3.6,16,8
STAT,ARTSC,Time Series Analysis STA457H1-LEC5101,Zhou,Zhou,Winter,2014,3.6,3.5,3.6,3.4,3.4,3.3,3.4,3.9,2.9,125,21
STAT,ARTSC,Complex Spatial Stat STA465H1-LEC0101,Brown,Patrick,Winter,2014,4.8,4.7,4.8,4.7,4.5,4.3,4.8,3.8,4.3,15,7
STAT,ARTSC,Stat Collaboration STA490H1-LEC0101,Gibbs,Alison,Winter,2014,5,4.8,5,5,5,5,5,2.3,4.8,13,5
STAT,ARTSC,Math of Finance ACT230H1-LEC5101,Zhang,Jingjing,Fall,2013,3.7,3.9,3.4,3.8,3.7,3.4,3.2,3.1,3.2,100,30
STAT,ARTSC,Fund Invest & Credit ACT240H1-LEC0101,Zhang,Jingjing,Fall,2013,3.7,3.8,3.4,3.5,3.3,3.2,3.5,3.5,3.3,154,44
STAT,ARTSC,Adv Life Contingen ACT348H1-LEC0101,Badescu,Andrei,Fall,2013,3.7,3.9,3.6,3.4,3.2,3.4,3.3,3.1,3.8,95,24
STAT,ARTSC,Top Actuarial Math ACT349H1-LEC0101,Sharp,Keith,Fall,2013,3.9,3.7,3.8,3.7,3.4,3.4,4.2,3.1,3.4,62,11
STAT,ARTSC,Loss Models ACT451H1-LEC0101,Lin,Xiaodong,Fall,2013,3.5,3.8,3.4,3.5,3.5,3.5,3.4,3.3,3.4,50,13
STAT,ARTSC,Stochastic Methods ACT460H1-LEC0101,Kinzebulatov,Damir,Fall,2013,3.7,3.7,3.4,3.7,3.7,3.4,3.1,3.2,3,53,20
STAT,ARTSC,Stochastic Methods ACT460H1-LEC2001,Kinzebulatov,Damir,Fall,2013,4.1,3.7,3.2,3.2,3.9,2.8,3.1,3.1,2.9,20,12
STAT,ARTSC,Why Numbers Matter STA201H1-LEC0101,Rosenthal,Jeffrey,Fall,2013,3.9,4,4.3,3.8,3.7,3.8,4.5,2,3.9,75,34
STAT,ARTSC,Prac of Statistics I STA220H1-LEC0101,Vukov,Augustin,Fall,2013,3.1,3.6,3.2,3.5,3.3,2.9,3.3,3.6,2.9,330,129
STAT,ARTSC,Prac of Statistics I STA220H1-LEC0201,Taback,Nathan,Fall,2013,3.7,4.1,4.1,3.9,3.8,3.6,4.2,3.3,3.8,109,32
STAT,ARTSC,Prac of Statistics I STA220H1-LEC0301,Gibbs,Alison,Fall,2013,3.7,4,4.3,3.9,3.9,3.5,4.4,3.2,3.7,200,75
STAT,ARTSC,Prac of Statistics I STA220H1-LEC5101,Vukov,Augustin,Fall,2013,2.9,3.3,2.9,3.3,3.2,2.7,3.3,3.7,2.9,184,57
STAT,ARTSC,Prob Comp Appl STA247H1-LEC0101,Pitt,Jack,Fall,2013,3,2.9,2.8,2.9,2.9,2.3,3.1,3.3,2.4,376,130
STAT,ARTSC,Probability & Stat I STA257H1-LEC0101,Banjevic,Dragan,Fall,2013,3.1,2.8,2,2.4,2.5,2,2.2,3.3,2.2,257,67
STAT,ARTSC,Probability & Stat I STA257H1-LEC5101,McDunnough,Philip,Fall,2013,3.8,3.4,3.1,3.2,3.3,3.1,3.1,3.1,3,106,32
STAT,ARTSC,Meth Data Analysis STA302H1-LEC0101,Yao,Fang,Fall,2013,3.2,3.2,3,3.1,3.1,2.8,2.9,3.5,2.8,222,72
STAT,ARTSC,Meth Data Analysis STA302H1-LEC2001,Yao,Fang,Fall,2013,2.8,2.8,2.1,2.9,2.5,2.2,2.5,3.1,2.2,38,16
STAT,ARTSC,Probability I STA347H1-LEC2001,Zhou,Zhou,Fall,2013,3.8,3.7,4,3.2,3.1,3.1,4.2,3.8,3.6,39,14
STAT,ARTSC,Probability I STA347H1-LEC5101,Zhou,Zhou,Fall,2013,3.7,3.8,4,3.9,3.8,3.6,3.9,3.4,3.6,214,52
STAT,ARTSC,Statistical Comput STA410H1-LEC0101,Craiu,Virgil,Fall,2013,4.3,4.3,4,3.5,3.8,3.3,4,4.3,4,27,5
STAT,ARTSC,Theory of Stat Inf STA422H1-LEC0101,Fraser,Donald,Fall,2013,4.8,4.3,4.3,4.5,4.3,4.3,4.5,3,4,10,6
STAT,ARTSC,Meth Multivar Data STA437H1-LEC5101,Yao,Fang,Fall,2013,3.9,4,4,4.1,4,3.6,3.6,3.3,3.6,82,24
STAT,ARTSC,Methods Applied Stat STA442H1-LEC0101,Brunner,Lawrence,Fall,2013,4.7,5,4.9,4.7,4.7,4.7,4.4,3.9,4.9,29,8
STAT,ARTSC,Math Statistics I STA452H1-LEC0101,Brenner,David,Fall,2013,4.3,4.4,4.7,4.7,4.3,4.3,4.8,3.6,3.8,31,10
STAT,ARTSC,Fund Invest & Credit ACT240H1-LEC0101,Pitt,Jack,Summer,2013,3.6,4.1,3.9,3.7,3.6,3.3,N/A,3.1,3.2,67,14
STAT,ARTSC,Prac of Statistics I STA220H1-LEC5101,Vukov,Augustin,Summer,2013,3.2,3.3,3.4,3.6,3.4,2.9,N/A,3.8,2.8,133,35
STAT,ARTSC,Prac of Statistics II STA221H1-LEC5101,Sue-Chee,Shivon,Summer,2013,2.8,2.9,2.7,2.8,2.9,2.7,N/A,3.3,2.3,22,9
STAT,ARTSC,Probability & Stat I STA257H1-LEC5101,McDunnough,Philip,Summer,2013,2.9,2.8,1.7,2.1,1.9,1.9,N/A,3.9,1.6,76,19
STAT,ARTSC,Probabilty & Stat II STA261H1-LEC5101,Shi,Xiaoping,Summer,2013,3.2,3.4,3.2,3.5,3.3,3,N/A,3,2.9,99,15
STAT,ARTSC,Meth Data Analysis STA302H1-LEC5101,Burkett,Craig,Summer,2013,3.5,3.7,3.5,3.4,3.3,2.9,N/A,3.2,2.9,112,18
STAT,ARTSC,Survey Sam & Obs Data STA304H1-LEC5101,Banjevic,Dragan,Summer,2013,2.8,3,2.9,2.8,3,2.7,N/A,3.2,2.9,107,13
STAT,ARTSC,Probability I STA347H1-LEC5101,Moshonov,Hadas,Summer,2013,3.1,3.4,3.3,3.4,3.1,3.1,N/A,2.9,3.4,86,19
STAT,ARTSC,Time Series Analysis STA457H1-LEC5101,Lin,Jen Wen,Summer,2013,3.7,3.7,3.9,3.9,3.9,3.6,N/A,2.7,3.8,120,18
STAT,ARTSC,Financial Principles I -ACT245H1-LEC0101,Sharp,Keith,Winter,2013,3.8,4,3.4,3.8,3.5,3.2,N/A,3.5,3,81,23
STAT,ARTSC,Intro Life Conting I -ACT247H1-LEC0101,Sharp,Keith,Winter,2013,3.5,3.8,3.5,3.7,3.6,3.2,N/A,3.5,2.9,97,23
STAT,ARTSC,Financial Principles II -ACT370H1-LEC0101,Sharp,Keith,Winter,2013,3.6,3.7,3.5,3.6,3.6,3.3,N/A,3.3,3.1,81,27
STAT,ARTSC,Loss Models II -ACT452H1-LEC0101,Broverman,Samuel,Winter,2013,4.3,4.3,4.4,4,4.1,4.3,N/A,3,3,28,14
STAT,ARTSC,Adv Topics Act Sci -ACT455H1-LEC0101,Broverman,Samuel,Winter,2013,3.8,4.4,4.4,4.2,4.2,4.2,N/A,3.3,3.6,37,12
STAT,ARTSC,Credibility & Simulatn -ACT466H1-LEC0101,Broverman,Samuel,Winter,2013,4.1,4.3,4.3,3.9,3.9,4,N/A,3.1,3.3,28,14
STAT,ARTSC,Actuarial Practice -ACT473H1-LEC0101,Curtis,Simon,Winter,2013,4.3,4.3,4.6,4.5,4.6,4.6,N/A,2.6,4.4,11,9
STAT,ARTSC,Actuarial Practice -ACT473H1-LEC0101,Lyons,Howard,Winter,2013,4.3,4.3,4.4,4.5,4.6,4.6,N/A,2.6,4.4,11,9
STAT,ARTSC,Prac of Statistics II -STA221H1-LEC0101,Pitt,Jack,Winter,2013,3.7,3.9,4.3,3.9,3.9,3.7,N/A,3.2,3.5,118,57
STAT,ARTSC,Stats For Comp Sci -STA248H1-LEC0101,Chilina,Olga,Winter,2013,3.3,3.4,3.2,3.9,3.8,3,N/A,2.5,3.2,69,42
STAT,ARTSC,Statistical Theory -STA255H1-LEC5101,Chilina,Olga,Winter,2013,3.4,3.6,3.4,3.6,3.6,3.2,N/A,3.3,2.9,130,47
STAT,ARTSC,Probabilty & Stat II -STA261H1-LEC0101,Stafford,James,Winter,2013,3.2,2.8,2.8,2.7,2.8,2.4,N/A,3.6,2.2,130,44
STAT,ARTSC,Probabilty & Stat II -STA261H1-LEC5101,Zhou,Zhou,Winter,2013,3.1,3,3,3,2.9,2.6,N/A,3,2.6,58,14
STAT,ARTSC,Data Analysis II -STA303H1-LEC0101,Moshonov,Hadas,Winter,2013,3.5,3.7,3.5,3.5,3.5,3.2,N/A,3,3.6,143,51
STAT,ARTSC,Survey Sam & Obs Data -STA304H1-LEC0101,Banjevic,Dragan,Winter,2013,3.3,3.4,3,3.1,3.2,2.8,N/A,2.9,3.3,167,58
STAT,ARTSC,Experimental Design -STA305H1-LEC0101,Craiu,Virgil,Winter,2013,3.5,3.5,3.3,3.4,3.4,2.9,N/A,3.2,2.7,58,23
STAT,ARTSC,Theory Sta Practice -STA355H1-LEC0101,Knight,Keith,Winter,2013,4.1,4.2,4.2,4.2,3.9,3.9,N/A,3.4,4,34,16
STAT,ARTSC,Applied Bayes Stat -STA365H1-LEC0101,Escobar,Michael,Winter,2013,3.9,3.8,4.3,4.2,4.1,3.8,N/A,3.9,3.6,31,21
STAT,ARTSC,Data Mining -STA414H1-LEC0101,Neal,Radford,Winter,2013,4.4,3.9,3.9,4,4,3.7,N/A,4.2,3.1,30,15
STAT,ARTSC,Stochastic Processes -STA447H1-LEC5101,Normand,Raoul,Winter,2013,4.1,4.1,3.9,4.2,4.1,3.7,N/A,3,3.7,63,25
STAT,ARTSC,Time Series Analysis -STA457H1-LEC5101,Zhou,Zhou,Winter,2013,3.8,3.7,3.6,3.4,3.4,3.1,N/A,3.8,3.2,85,32
STAT,ARTSC,Complex Spatial Stat -STA465H1-LEC0101,Brown,Patrick,Winter,2013,4.6,4.4,4.8,4.8,4.6,4.4,N/A,3.6,4.4,11,5
STAT,ARTSC,Stat Collaboration -STA490H1-LEC0101,Gibbs,Alison,Winter,2013,4.5,4.8,4.9,4.5,4.5,4.5,N/A,3.2,4.9,18,14
STAT,ARTSC,Math of Finance ACT230H1 - LEC5101,Sharp,Keith,Fall,2012,3.7,3.8,3.5,3.6,3.4,3.2,N/A,3.4,3.1,60,28
STAT,ARTSC,Fund Invest & Credit ACT240H1 - LEC0101,Lin,Xiaodong,Fall,2012,3.8,4.2,3.2,3.5,3.4,3.3,N/A,3.5,3.2,120,35
STAT,ARTSC,Adv Life Contingen ACT348H1 - LEC0101,Lin,Xiaodong,Fall,2012,3.3,3.7,2.9,3.4,3.2,2.7,N/A,3.7,2.7,83,36
STAT,ARTSC,Top Actuarial Math ACT349H1 - LEC0101,Sharp,Keith,Fall,2012,2.9,3.4,3.3,3.3,3.1,2.9,N/A,3.3,2.8,94,41
STAT,ARTSC,Loss Models ACT451H1 - LEC0101,Lin,Xiaodong,Fall,2012,3.6,3.8,3.3,3.6,3.1,3.2,N/A,3.4,2.9,34,18
STAT,ARTSC,Stochastic Methods ACT460H1 - LEC0101,Jaimungal,Sebastian,Fall,2012,4.3,4.3,4.5,3.9,4,4.1,N/A,3.1,3.9,37,16
STAT,ARTSC,Stochastic Methods ACT460H1 - LEC2001,Jaimungal,Sebastian,Fall,2012,4,4.1,3.6,3.2,3.1,3.3,N/A,3.3,3.1,21,10
STAT,ARTSC,Why Numbers Matter STA201H1 - LEC0101,Rosenthal,Jeffrey,Fall,2012,3.9,4.1,4.6,4.1,4.3,4.2,N/A,2.1,4.4,71,34
STAT,ARTSC,Prac of Statistics I STA220H1 - LEC0101,Vukov,Augustin,Fall,2012,3,3.4,3,3.2,3.1,2.7,N/A,3.7,2.5,317,152
STAT,ARTSC,Prac of Statistics I STA220H1 - LEC0201,Chilina,Olga,Fall,2012,2.8,3.3,2.9,3,2.9,2.5,N/A,3.6,2.5,261,142
STAT,ARTSC,Prac of Statistics I STA220H1 - LEC5101,Vukov,Augustin,Fall,2012,2.8,3.5,3.1,3.2,3,2.7,N/A,3.7,2.8,165,63
STAT,ARTSC,Prob Comp Appl STA247H1 - LEC0101,Pitt,Jack,Fall,2012,3.1,3,3.5,3,3,2.8,N/A,3.2,2.7,257,126
STAT,ARTSC,Probability & Stat I STA257H1 - LEC0101,Chilina,Olga,Fall,2012,3.4,3.4,3.2,3.6,3.4,3,N/A,3.1,2.9,225,86
STAT,ARTSC,Probability & Stat I STA257H1 - LEC5101,McDunnough,Philip,Fall,2012,3.3,3.5,2.5,3,3,2.5,N/A,3.3,2.7,81,26
STAT,ARTSC,Meth Data Analysis STA302H1 - LEC0101,Moshonov,Hadas,Fall,2012,3.3,3.3,3.2,3.1,3.2,2.8,N/A,3.1,3,192,62
STAT,ARTSC,Probability I STA347H1 - LEC5101,Zhou,Zhou,Fall,2012,3.4,3.4,3.2,3.4,3.4,2.9,N/A,3.1,2.9,193,60
STAT,ARTSC,Statistical Comput STA410H1 - LEC0101,Knight,Keith,Fall,2012,3.8,3.8,3.9,4.1,3.8,3.4,N/A,4.1,2.9,49,23
STAT,ARTSC,Meth Multivar Data STA437H1 - LEC5101,Yao,Fang,Fall,2012,4,4.2,3.7,4.3,4.2,3.8,N/A,3.2,4,73,33
STAT,ARTSC,Methods Applied Stat STA442H1 - LEC0101,Brunner,Lawrence,Fall,2012,4.6,4.5,4.3,4.4,4,4.2,N/A,3.6,4.3,26,14
STAT,ARTSC,Math Statistics I STA452H1 - LEC0101,Brenner,David,Fall,2012,4.9,4.3,4.7,4.6,4.3,4.6,N/A,3.2,4.1,22,11
STAT,ARTSC,Meth Data Analysis STA302H1-F-LEC0201,Dong,Gracia,Fall,2025,3.4,3.5,3.4,3.5,3.5,3.1,3.5,3.4,3.0,156,27
STAT,ARTSC,Meth Data Analysis STA302H1-F-LEC0301,Dong,Gracia,Fall,2025,4.2,4.1,4.5,3.8,4.1,3.6,4.2,3.8,3.8,91,18
STAT,ARTSC,Adv Stat Modeling ACT466H1-F-LEC0101,Badescu,Andrei,Fall,2025,4.6,4.6,4.4,4.4,4.4,4.4,4.2,3.6,4.0,23,5
STAT,ARTSC,Applied Bayes Stat STA365H1-F-LEC0101,Craiu,Radu,Fall,2025,4.1,4.0,3.8,3.2,3.4,3.7,3.8,3.3,3.3,18,9
STAT,ARTSC,Data Visualization STA313H1-F-LEC0101,Moon,Michael,Fall,2025,3.5,3.4,3.3,3.2,3.1,3.0,3.2,3.8,3.0,112,14
STAT,ARTSC,Data Visualization STA313H1-F-LEC0201,Moon,Michael,Fall,2025,3.7,3.8,3.7,3.7,3.7,3.4,4.1,3.5,3.4,116,18
STAT,ARTSC,Data Visualization STA313H1-F-LEC0301,Moon,Michael,Fall,2025,3.9,4.0,4.0,4.0,3.9,3.8,4.0,3.6,3.7,110,23
STAT,ARTSC,Design&Analysis of Experiment STA305H1-F-LEC5101,Ba,Ismaila,Fall,2025,3.7,3.7,3.1,3.4,3.8,3.2,2.9,3.0,3.2,63,10
STAT,ARTSC,Math of Finance ACT230H1-F-LEC0101,Singer,Basil,Fall,2025,3.9,4.0,4.0,4.1,4.0,3.8,4.2,3.1,4.1,56,10
STAT,ARTSC,Math Statistics I STA452H1-F-LEC0101,Brenner,David,Fall,2025,4.8,4.6,4.7,4.3,4.4,4.6,4.8,3.9,4.6,38,9
STAT,ARTSC,Meth Data Analysis STA302H1-F-LEC0101,Dong,Gracia,Fall,2025,4.0,4.2,4.4,4.2,4.2,4.0,4.3,3.6,3.9,227,57
STAT,ARTSC,Meth Data Analysis STA302H1-F-LEC5101,Dong,Gracia,Fall,2025,4.2,4.2,4.4,4.2,4.2,3.9,4.3,3.7,3.7,213,46
STAT,ARTSC,Meth Multivar Data STA437H1-F-LEC0101,Tuzhilina,Elena,Fall,2025,3.9,4.0,3.8,3.5,3.7,3.3,3.7,3.2,3.3,94,20
STAT,ARTSC,Methods Applied Stat STA442H1-F-LEC0101,Park,Jun Young,Fall,2025,3.6,3.7,3.1,3.6,3.2,2.7,3.3,3.5,2.7,56,19
STAT,ARTSC,Prac of Statistics I STA220H1-F-LEC0101,Ba,Ismaila,Fall,2025,3.2,3.9,3.2,3.7,4.0,3.0,3.0,2.7,3.2,94,25
STAT,ARTSC,Prac of Statistics I STA220H1-F-LEC5101,White,Bethany,Fall,2025,3.8,3.9,3.9,3.7,3.8,3.5,4.1,3.2,3.5,144,36
STAT,ARTSC,Prob Stat Data I STA237H1-F-LEC0101,Wang,Lijia,Fall,2025,3.7,3.7,4.4,3.2,3.1,3.2,4.4,3.6,3.1,197,93
STAT,ARTSC,Prob Stat Data I STA237H1-F-LEC0201,Huynh Wong,Karen,Fall,2025,3.7,3.6,3.6,3.2,3.0,2.7,3.5,3.7,2.7,196,50
STAT,ARTSC,Prob Stat Data I STA237H1-F-LEC0301,White,Bethany,Fall,2025,3.5,3.5,3.6,3.2,3.3,3.0,3.7,3.8,2.9,191,42
STAT,ARTSC,Prob Stat Data I STA237H1-F-LEC0401,White,Bethany,Fall,2025,3.9,3.9,4.0,3.6,3.6,3.5,3.9,3.6,3.4,199,56
STAT,ARTSC,Prob Stat Data I STA237H1-F-LEC5101,Ba,Ismaila,Fall,2025,3.6,3.7,3.0,3.5,3.2,2.9,3.1,3.5,2.7,186,58
STAT,ARTSC,Prob Stat Data I STA237H1-F-LEC5201,Wang,Lijia,Fall,2025,4.1,4.0,4.5,3.8,3.7,3.6,4.5,3.5,3.5,200,92
STAT,ARTSC,Probability and Statistics I STA257H1-F-LEC0101,Rosenthal,Jeffrey,Fall,2025,4.2,4.5,4.3,4.2,4.3,4.2,4.4,3.3,4.1,83,33
STAT,ARTSC,Probability and Statistics I STA257H1-F-LEC0201,Rosenthal,Jeffrey,Fall,2025,4.3,4.4,4.4,4.1,4.0,4.1,4.5,2.9,4.1,230,58
STAT,ARTSC,Probability I STA347H1-F-LEC0101,Zhou,Zhou,Fall,2025,3.9,3.4,3.3,3.1,3.3,3.1,3.0,3.1,2.8,58,12
STAT,ARTSC,Probability I STA347H1-F-LEC0201,Zhou,Zhou,Fall,2025,3.8,4.0,3.8,3.5,3.8,3.5,3.8,3.2,3.3,26,6
STAT,ARTSC,Spatial Data Analysis STA465H1-F-LEC5101,Franklin,Meredith,Fall,2025,4.5,4.4,4.4,4.6,4.5,4.2,4.5,3.9,4.3,36,13
STAT,ARTSC,Stat Machine Learning I STA314H1-F-LEC0101,Maddison,Chris,Fall,2025,4.4,4.3,4.2,3.9,3.9,3.9,4.5,3.7,3.8,106,20
STAT,ARTSC,Stat Machine Learning I STA314H1-F-LEC5101,Maddison,Chris,Fall,2025,4.3,4.1,4.2,3.9,3.7,3.7,4.1,3.5,3.3,111,17
STAT,ARTSC,STAT Reasoning STA130H1-F-LEC0101,Moon,Nathalie,Fall,2025,4.0,4.2,4.3,4.0,4.1,3.9,4.4,3.4,3.9,212,93
STAT,ARTSC,STAT Reasoning STA130H1-F-LEC0201,Griffith,Skye,Fall,2025,3.8,3.9,4.1,4.0,4.1,3.8,4.3,3.3,3.9,210,98
STAT,ARTSC,STAT Reasoning STA130H1-F-LEC5101,Griffith,Skye,Fall,2025,4.0,4.1,4.4,4.1,4.1,3.9,4.3,3.2,4.0,168,77
STAT,ARTSC,Survey Sam & Obs Data STA304H1-F-LEC0101,Caetano,Samantha-Jo,Fall,2025,4.3,4.4,4.6,4.4,4.3,4.3,4.5,3.3,4.3,283,71
STAT,ARTSC,Survey Sam & Obs Data STA304H1-F-LEC0201,Caetano,Samantha-Jo,Fall,2025,4.2,4.2,4.4,4.2,4.3,4.1,4.3,3.3,4.1,284,58
STAT,ARTSC,Theory Sta Practice STA355H1-F-LEC5101,Mou,Wenlong,Fall,2025,3.4,3.0,2.6,2.6,2.5,2.3,2.7,3.4,2.0,100,31
STAT,ARTSC,Thinking Better with Stats STA197H1-F-LEC0101,Molkaraie,Mehdi,Fall,2025,4.1,4.4,4.6,4.1,4.3,4.3,4.5,2.6,4.5,23,8
STAT,ARTSC,Time Series Analysis STA457H1-F-LEC0101,Zhou,Zhou,Fall,2025,4.1,4.1,3.8,3.6,3.5,3.6,3.9,3.9,3.4,84,20
STAT,ARTSC,Wizard Managers of Risk ACT100H1-F-LEC0101,Zhang,Vicki,Fall,2025,4.4,4.3,4.4,4.2,4.4,4.1,4.6,2.7,4.4,82,34
STAT,ARTSC,Math of Finance ACT230H1-F-LEC0101,Badescu,Andrei,Summer,2025,3.9,4,4,4,3.9,3.9,3.5,3.3,3.6,35,8
STAT,ARTSC,Fund Invest & Credit ACT240H1-F-LEC5101,Abdelrahman,Hassan,Summer,2025,4.7,4.6,4.7,4.5,4.6,4.3,4.6,3.1,4.5,36,10
STAT,ARTSC,Life Con II ACT348H1-F-LEC0101,Badescu,Andrei,Summer,2025,4,4,3.3,3.7,2.8,3,3.8,3.7,3.2,16,6
STAT,ARTSC,Prob Stat Data I STA237H1-F-LEC0101,Dong,Gracia,Summer,2025,4.1,4.2,4.3,3.8,3.6,3.7,4.3,3.6,3.8,197,42
STAT,ARTSC,"Prob, Stats & Data Analysis II STA238H1-S-LEC0101",Song,Fred,Summer,2025,4.5,4.6,4.8,4.4,4.4,4.5,4.9,3.6,4.4,123,28
STAT,ARTSC,Statistical Theory STA255H1-S-LEC5101,Zheng,Siqi,Summer,2025,4.5,4.4,4.6,4.3,4.5,4.4,4.6,3.8,4.1,52,8
STAT,ARTSC,Probability and Statistics I STA257H1-F-LEC5101,Aghababaei Jazi,Omidali,Summer,2025,4.9,4.9,4.9,4.9,4.9,4.9,4.9,3.3,4.9,34,8
STAT,ARTSC,Meth Data Analysis STA302H1-F-LEC0101,Ba,Ismaila,Summer,2025,3.9,4,3.7,4.1,4.1,3.7,3.6,3.3,3.7,200,44
STAT,ARTSC,Meth Data Analysis STA302H1-S-LEC5101,Dong,Larry,Summer,2025,4.4,4.4,4.5,4.3,4.3,4.3,4.4,3.3,4,122,28
STAT,ARTSC,Methods of Data Analysis II STA303H1-S-LEC0101,Stefan,George,Summer,2025,4,3.9,3.9,4,3.9,3.3,3.9,3.5,3.4,73,44
STAT,ARTSC,Design&Analysis of Experiment STA305H1-S-LEC0101,Aghababaei Jazi,Omidali,Summer,2025,3.9,4,3.8,3.8,3.7,3.8,3.7,3.2,3.6,105,23
STAT,ARTSC,Stat Machine Learning I STA314H1-S-LEC0101,Zhu,Junhao,Summer,2025,4.2,4.2,4.1,4,4,3.7,4,3.5,3.5,100,84
STAT,ARTSC,Probability I STA347H1-S-LEC0101,Li,David Dayi,Summer,2025,4.5,4.2,4.2,4.3,4,3.8,4.2,3.9,3.5,40,13
STAT,ARTSC,Time Series Analysis STA457H1-F-LEC5101,Wang,Lijia,Summer,2025,4.5,4.5,4.7,4.5,4.5,4.4,4.6,3.3,4.4,99,63
STAT,ARTSC,Financial Principles I ACT245H1-S-LEC0101,Wang,Yu,Winter,2025,4.2,4.4,3.9,4.1,4,3.9,3.8,3.4,3.8,64,16
STAT,ARTSC,Intro Life Conting I ACT247H1-S-LEC0101,Singer,Basil,Winter,2025,4.1,4.2,3.9,3.9,4,3.7,3.9,3.2,3.6,61,14
STAT,ARTSC,Financial Principles II ACT370H1-S-LEC0101,Shi,Xiaofei,Winter,2025,4.5,4.4,4.2,4.5,4.7,4.2,4.2,2.5,3.9,45,13
STAT,ARTSC,Financial Principles II ACT370H1-S-LEC2001,Shi,Xiaofei,Winter,2025,4.2,4,3.8,4,4.4,4,4.2,2.2,3.8,25,5
STAT,ARTSC,Credibility & Simulatn ACT466H1-S-LEC0101,Badescu,Andrei,Winter,2025,4.6,4.7,4.4,4.3,4.7,4.3,4.7,2.7,4.4,26,7
STAT,ARTSC,Insurance Products ACT475H1-S-LEC0101,Zhang,Vicki,Winter,2025,4.6,4.6,4.2,4.2,4.4,4.4,4.2,3.8,4.4,21,5
STAT,ARTSC,Data Science I JSC270H1-S-LEC0101,Nobre,Carolina,Winter,2025,4.4,4.4,4.9,4.8,4.8,4.7,4.9,2.6,4.8,53,24
STAT,ARTSC,Data Science II JSC370H1-S-LEC0101,Franklin,Meredith,Winter,2025,4.1,4,4.2,4.3,4.2,4.1,4.1,3.2,4,38,10
STAT,ARTSC,STAT Reasoning STA130H1-S-LEC0101,Greenberg,Morris,Winter,2025,3.9,3.8,4,3.8,3.8,3.4,3.9,3.7,3.5,257,79
STAT,ARTSC,Prac of Statistics I STA220H1-S-LEC0101,Eadie,Gwendolyn,Winter,2025,4.1,4.3,4.5,4.3,4.3,4.1,4.5,3.3,4.1,239,78
STAT,ARTSC,"Prob, Stats & Data Analysis II STA238H1-S-LEC0101",Huynh Wong,Karen,Winter,2025,3.9,3.9,4.2,3.6,3.7,3.6,4.2,3.5,3.5,140,44
STAT,ARTSC,"Prob, Stats & Data Analysis II STA238H1-S-LEC0201",Huynh Wong,Karen,Winter,2025,3.7,3.8,3.8,3.3,3.4,3,3.8,3.6,3,234,53
STAT,ARTSC,"Prob, Stats & Data Analysis II STA238H1-S-LEC0301",Huynh Wong,Karen,Winter,2025,3.9,3.9,4,3.5,3.6,3.5,4,3.8,3.3,227,74
STAT,ARTSC,"Prob, Stats & Data Analysis II STA238H1-S-LEC5101",Moon,Michael,Winter,2025,4,4,3.4,3.7,3.8,3.1,3.3,4,3,90,24
STAT,ARTSC,Statistical Theory STA255H1-S-LEC0101,Zhen,Yaoming,Winter,2025,4,4,4.1,4.1,4,3.8,4.1,3.2,3.8,253,65
STAT,ARTSC,Probability and Statistics II STA261H1-S-LEC0101,Wang,Lijia,Winter,2025,4.1,4.1,3.8,3.8,3.8,3.5,3.8,3.1,3.5,148,47
STAT,ARTSC,Probability and Statistics II STA261H1-S-LEC0201,Gronsbell,Jessica,Winter,2025,4.2,4.3,4.3,3.8,3.9,3.8,4.4,2.8,4.1,106,35
STAT,ARTSC,Stats for Life Sci STA288H1-S-LEC0101,Dong,Gracia,Winter,2025,3.5,3.6,3.5,3.3,3.2,3,3.6,4.2,2.7,152,64
STAT,ARTSC,Stats for Life Sci STA288H1-S-LEC0101,White,Bethany,Winter,2025,3.5,3.6,3.5,3.3,3.2,3,3.7,4.2,2.7,152,64
STAT,ARTSC,Stats for Life Sci STA288H1-S-LEC5101,Dong,Gracia,Winter,2025,3,3.1,3.4,2.8,2.7,2.1,3.6,4.2,2.2,93,33
STAT,ARTSC,Stats for Life Sci STA288H1-S-LEC5101,White,Bethany,Winter,2025,3,3.1,3.2,2.8,2.7,2.1,3.4,4.2,2.2,93,33
STAT,ARTSC,Meth Data Analysis STA302H1-S-LEC5101,Ba,Ismaila,Winter,2025,3.2,3.5,3,3.6,3.6,3.1,3,3.2,3.1,181,27
STAT,ARTSC,Methods of Data Analysis II STA303H1-S-LEC0101,Brown,Patrick,Winter,2025,3.7,3.5,3.7,3.3,3.3,3,3.8,3.5,3,248,63
STAT,ARTSC,Survey Sam & Obs Data STA304H1-S-LEC0101,Caetano,Samantha-Jo,Winter,2025,4.3,4.4,4.7,4.5,4.5,4.4,4.6,3.2,4.5,272,59
STAT,ARTSC,Survey Sam & Obs Data STA304H1-S-LEC0201,Caetano,Samantha-Jo,Winter,2025,4.3,4.3,4.6,4.4,4.4,4.4,4.6,3.2,4.6,265,47
STAT,ARTSC,Design&Analysis of Experiment STA305H1-S-LEC0101,Ba,Ismaila,Winter,2025,2.7,2.9,2.4,3.3,3,2.4,2.8,2.8,2.5,58,10
STAT,ARTSC,Design&Analysis of Experiment STA305H1-S-LEC0201,Ba,Ismaila,Winter,2025,3.2,3.3,2.8,3.2,3.3,2.9,3.1,2.9,3.2,76,19
STAT,ARTSC,Probability I STA347H1-S-LEC0101,Brenner,David,Winter,2025,4.2,4.3,4.5,3.7,3.6,4.1,4.6,2.7,4.1,183,38
STAT,ARTSC,Applied Bayes Stat STA365H1-S-LEC0101,Schwartz,Scott,Winter,2025,4,3.9,3.6,3.6,3.8,3.3,4,3.7,3.1,79,20
STAT,ARTSC,Statistical Comput STA410H1-S-LEC0101,Schwartz,Scott,Winter,2025,4.4,4,4.1,3.6,3.7,3.6,4.5,4.1,3.6,41,14
STAT,ARTSC,Stat Machine Learning II STA414H1-S-LEC0101,Erdogdu,Murat,Winter,2025,4.7,4.5,4.5,4.2,4.1,4.2,4.3,3.7,4,57,13
STAT,ARTSC,Stat Machine Learning II STA414H1-S-LEC5101,Erdogdu,Murat,Winter,2025,4.5,4.4,4.5,4.1,4,4.2,4.5,3.6,3.9,67,15
STAT,ARTSC,Meth Multivar Data STA437H1-S-LEC0101,Zwiernik,Piotr,Winter,2025,4.5,4.4,4.6,4.3,4.4,4,4.3,3.6,3.9,46,11
STAT,ARTSC,Meth Multivar Data STA437H1-S-LEC0201,Zwiernik,Piotr,Winter,2025,4.1,4.1,4.4,3.9,3.9,3.8,4.3,3,3.8,47,9
STAT,ARTSC,Stochastic Processes STA447H1-S-LEC5101,Mou,Wenlong,Winter,2025,4.1,4.4,3.6,3.2,3.3,3.2,3.6,3.9,3.2,52,11
STAT,ARTSC,Time Series Analysis STA457H1-S-LEC0101,Wang,Lijia,Winter,2025,4.4,4.4,4.7,4.6,4.4,4.4,4.5,3.1,4.3,186,45
STAT,ARTSC,Time Series Analysis STA457H1-S-LEC0201,Wang,Lijia,Winter,2025,4.5,4.5,4.7,4.5,4.6,4.4,4.7,3.1,4.3,189,40
STAT,ARTSC,Seminar in Statistical Science STA492H1-S-LEC0101,Reid,Nancy,Winter,2025,5,5,5,4.9,4.9,5,5,3.3,5,17,7
STAT,ARTSC,Applied Prob for Act Sci ACT350H1-F-LEC0101,Pesenti,Silvana,Fall,2024,4,4.2,3.7,4,3.7,3.3,3.4,2.7,3.3,28,7
STAT,ARTSC,Basic P&C Reserving ACT371H1-F-LEC5101,Charters,Nick,Fall,2024,4.5,4.7,4.9,4.7,4.7,4.6,4.7,3.7,4.5,42,15
STAT,ARTSC,Basic P&C Reserving ACT371H1-F-LEC5101,Orrett,Todd,Fall,2024,4.5,4.7,4.9,4.7,4.7,4.6,4.9,3.7,4.5,42,15
STAT,ARTSC,Data Visualization STA313H1-F-LEC0101,Moon,Michael,Fall,2024,3.8,3.9,3.6,3.9,4,3.4,3.5,3.5,3.6,119,25
STAT,ARTSC,Data Visualization STA313H1-F-LEC0201,Moon,Michael,Fall,2024,3.7,3.6,3.8,4,3.8,3.6,3.9,3.6,3.8,118,25
STAT,ARTSC,Financial Puzzles in the Media ACT199H1-F-LEC0101,Zhang,Vicki,Fall,2024,4.4,4.6,4.5,4.5,4.5,4.3,4.5,2.7,4.2,30,11
STAT,ARTSC,Fund Invest & Credit ACT240H1-F-LEC0101,Singer,Basil,Fall,2024,4.3,4.3,4.1,4.1,4.4,4,4.3,2.9,4.1,95,22
STAT,ARTSC,Life Con II ACT348H1-F-LEC0101,Singer,Basil,Fall,2024,4,4.4,4.3,4.2,4.5,3.9,4.4,2.9,3.7,55,14
STAT,ARTSC,Loss Models ACT451H1-F-LEC0101,Lin,Xiaodong,Fall,2024,4.2,4.5,4.4,4.4,4.3,4.3,4.3,2.9,4.2,57,16
STAT,ARTSC,Math of Finance ACT230H1-F-LEC0101,Abdelrahman,Hassan,Fall,2024,3.9,3.9,4.1,3.9,3.7,3.5,3.9,2.9,3.7,75,18
STAT,ARTSC,Math Statistics I STA452H1-F-LEC0101,Brenner,David,Fall,2024,4.6,4.6,4.5,4.5,4.4,4.5,5,3.4,4.5,30,11
STAT,ARTSC,Meth Data Analysis STA302H1-F-LEC5101,Brown,Austin,Fall,2024,3.4,3.5,3.6,3.4,3.2,2.9,3.7,3.7,2.9,284,63
STAT,ARTSC,Meth Multivar Data STA437H1-F-LEC5101,Molkaraie,Mehdi,Fall,2024,4.1,4.2,4.4,4.2,4.1,4,4.3,2.8,4.2,161,30
STAT,ARTSC,Methods Applied Stat STA442H1-F-LEC0101,Park,Jun Young,Fall,2024,4.1,4.1,4.1,4.1,4,3.9,4.2,3.6,3.8,52,15
STAT,ARTSC,Prac of Statistics I STA220H1-F-LEC0201,Wang,Lijia,Fall,2024,3.3,3.6,3.4,3.5,3.5,3,3.8,3.3,2.9,181,56
STAT,ARTSC,Prob Stat Data I STA237H1-F-LEC0101,White,Bethany,Fall,2024,3.6,3.8,3.5,3.4,3.5,3,3.6,3.6,3,228,59
STAT,ARTSC,Prob Stat Data I STA237H1-F-LEC0201,Dong,Gracia,Fall,2024,3.8,3.9,4.2,3.6,3.7,3.4,4,3.7,3.3,218,65
STAT,ARTSC,Prob Stat Data I STA237H1-F-LEC0301,Dong,Gracia,Fall,2024,3.7,3.8,3.8,3.4,3.5,3,3.9,3.6,3,229,74
STAT,ARTSC,Prob Stat Data I STA237H1-F-LEC5101,Ba,Ismaila,Fall,2024,3.8,3.8,3.2,3.6,3.7,3.2,3.3,3.7,3.2,142,43
STAT,ARTSC,Prob Stat Data I STA237H1-F-LEC5201,Zhang,Archer Gong,Fall,2024,3.7,3.6,4.1,3.1,3.1,3,4.2,3.7,2.8,203,59
STAT,ARTSC,Probability and Statistics I STA257H1-F-LEC0101,Rosenthal,Jeffrey,Fall,2024,4,4.2,4.2,3.9,4,3.9,4.3,2.4,4.1,106,37
STAT,ARTSC,Probability and Statistics I STA257H1-F-LEC0201,Rosenthal,Jeffrey,Fall,2024,4.3,4.3,4.2,4,4,4,4.3,2.9,4,216,83
STAT,ARTSC,Probability I STA347H1-F-LEC0101,Zhou,Zhou,Fall,2024,4.1,4.3,4.3,4,3.9,3.9,4.3,2.8,4,83,24
STAT,ARTSC,Probability I STA347H1-F-LEC0201,Zhou,Zhou,Fall,2024,4.4,4.3,4.5,4.1,4,4.2,4.3,3.4,3.9,68,19
STAT,ARTSC,Professional Exp in Act ScI ACT390H1-F-LEC0101,Zhang,Vicki,Fall,2024,3.8,4.4,4.7,4.6,4.6,4.4,5,2.6,4.7,32,7
STAT,ARTSC,Spatial Data Analysis STA465H1-F-LEC0101,Franklin,Meredith,Fall,2024,4.4,4.5,4.8,4.9,4.9,4.5,4.9,3.9,4.5,27,8
STAT,ARTSC,Stat Machine Learning I STA314H1-F-LEC0101,Bing,Xin,Fall,2024,3.8,3.7,3.5,3.2,3.1,3,3.7,3.4,3,145,41
STAT,ARTSC,Stat Machine Learning I STA314H1-F-LEC0201,Bing,Xin,Fall,2024,3.2,3.1,2.9,2.5,2.5,2.3,3,3.9,2.1,177,42
STAT,ARTSC,STAT Reasoning STA130H1-F-LEC0101,Schwartz,Scott,Fall,2024,3.9,3.6,3.6,3.6,3.5,3.2,4,3.8,3.2,237,123
STAT,ARTSC,STAT Reasoning STA130H1-F-LEC0201,Schwartz,Scott,Fall,2024,3.7,3.5,3.6,3.5,3.4,3.1,3.9,3.7,3.1,243,119
STAT,ARTSC,Survey Sam & Obs Data STA304H1-F-LEC0101,Alexander,Rohan,Fall,2024,3.7,3.5,3.4,3.4,3.5,3,3.7,4.2,2.9,198,42
STAT,ARTSC,Survival Analysis STA475H1-F-LEC0101,Moon,Nathalie,Fall,2024,4.6,4.7,4.9,4.8,4.8,4.8,5,3.1,4.7,68,28
STAT,ARTSC,Theory Sta Practice STA355H1-F-LEC0101,Ba,Ismaila,Fall,2024,3.2,2.6,1.8,2.2,2.1,1.6,2,3.7,1.9,102,27
STAT,ARTSC,Thinking Better with Stats STA197H1-F-LEC0101,Craiu,Radu,Fall,2024,3.9,3.8,4.2,3.8,4.1,3.5,4.1,2.2,3.4,24,14
STAT,ARTSC,Time Series Analysis STA457H1-F-LEC5101,Knight,Keith,Fall,2024,4.1,4.2,4.1,4.1,4.1,3.9,4,3.2,3.8,188,35
STAT,ARTSC,Top Actuarial Math ACT349H1-F-LEC0101,Tome,Jason,Fall,2024,3.8,3.8,4.3,3.8,3.9,3.8,3.9,3.4,3.6,46,14
STAT,ARTSC,Financial Principles I ACT245H1-S-LEC5101,Wang,Yu,Summer,2024,3.8,4,4.2,3.8,3.8,3.5,4.2,3,3.3,25,6
STAT,ARTSC,Financial Principles II ACT370H1-S-LEC5101,Yung,Otto,Summer,2024,4,4.4,4.6,4.3,4.2,3.9,4.4,3.6,3.6,13,10
STAT,ARTSC,Methods of Data Analysis II STA303H1-S-LEC0101,Stefan,George,Summer,2024,4,4.1,3.8,4,4,3.4,3.7,3.4,3.3,62,25
STAT,ARTSC,Prac of Statistics I STA220H1-S-LEC0101,Garrett,Rose,Summer,2024,3.8,4,3.8,4.1,4.1,3.3,3.7,3.3,3.4,128,45
STAT,ARTSC,"Prob, Stats & Data Analysis II STA238H1-S-LEC0101",Song,Fred,Summer,2024,4.2,4.4,4.6,4.3,4.3,4.2,4.7,3.5,3.8,125,52
STAT,ARTSC,Probability and Statistics II STA261H1-S-LEC0101,Zimmerman,Robert,Summer,2024,4,4,4,4.1,4.2,3.6,4.3,4.1,3.8,50,12
STAT,ARTSC,Probability I STA347H1-S-LEC0101,Li,David Dayi,Summer,2024,3.4,3.3,3.3,3.3,3.1,2.6,3.3,4.1,2.5,28,8
STAT,ARTSC,Stat Machine Learning I STA314H1-S-LEC0101,Khan,Mohammad,Summer,2024,4.4,3.7,3.7,3.8,4,3.5,4.1,3.2,3,75,11
STAT,ARTSC,Time Series Analysis STA457H1-S-LEC5101,Selvaratnam,Selvakkadunko,Summer,2024,3.9,4,4.1,3.9,4.1,3.7,3.9,3.8,3.5,77,19
STAT,ARTSC,Fund Invest & Credit ACT240H1-F-LEC5101,Abdelrahman,Hassan,Summer,2024,4.4,4.6,4.8,4.6,4.5,4.6,4.3,3.6,4,28,15
STAT,ARTSC,Math of Finance ACT230H1-F-LEC0101,Badescu,Andrei,Summer,2024,4.3,4,4.4,4,4,4,4.2,3,3.8,39,5
STAT,ARTSC,Meth Data Analysis STA302H1-F-LEC0101,Herrera Martin,Antonio,Summer,2024,4.1,4.3,4.2,4.2,4.3,4.1,4.4,3.2,4,262,59
STAT,ARTSC,Prob Stat Data I STA237H1-F-LEC0101,Zhang,Kevin,Summer,2024,3.3,3.1,2.4,2.7,2.6,2.1,2.4,3.6,2.1,159,45
STAT,ARTSC,Probability and Statistics I STA257H1-F-LEC5101,Aghababaei Jazi,Omidali,Summer,2024,3.9,4.3,4.4,4.6,4.4,4.3,4.4,3,4.4,44,14
STAT,ARTSC,Applied Bayes Stat STA365H1-S-LEC0101,Schwartz,Scott,Winter,2024,4,3.5,4,3.1,3.3,3,4.1,3.7,2.8,74,23
STAT,ARTSC,Complex Spatial Stat STA465H1-S-LEC0101,Nieto-Barajas,Luis,Winter,2024,5,5,5,5,5,5,5,3.4,4.9,9,7
STAT,ARTSC,Credibility & Simulatn ACT466H1-S-LEC0101,Badescu,Andrei,Winter,2024,4.4,4.6,4.7,4.6,4.7,4.1,4.4,3.1,3.4,20,7
STAT,ARTSC,Data Science I JSC270H1-S-LEC0101,Nobre,Carolina,Winter,2024,4.3,4.2,4.6,4.4,4.4,4.6,4.5,2.7,4.5,40,14
STAT,ARTSC,Data Science II JSC370H1-S-LEC0101,Franklin,Meredith,Winter,2024,4.5,4.7,4.5,4.7,4.5,4.5,4.5,3.5,4.7,24,6
STAT,ARTSC,Data Visualization STA313H1-S-LEC5101,Masson,Damien,Winter,2024,4.3,4.4,4.5,4.1,4.4,4.2,4.4,3.6,4.3,117,25
STAT,ARTSC,Design&Analysis of Experiment STA305H1-S-LEC0101,Singh,Murari,Winter,2024,3.9,4,3.9,4.1,4.1,3.6,4.2,3.4,3.5,69,10
STAT,ARTSC,Design&Analysis of Experiment STA305H1-S-LEC0201,Singh,Murari,Winter,2024,3.5,3.4,3.3,3.6,3.6,3.1,3.2,3.4,3.2,105,25
STAT,ARTSC,Financial Principles I ACT245H1-S-LEC0101,Wang,Yu,Winter,2024,3.9,4.2,3.9,3.9,4,3.8,3.9,2.9,3.4,72,22
STAT,ARTSC,Financial Principles II ACT370H1-S-LEC0101,Pesenti,Silvana,Winter,2024,3.3,3.3,2.8,2.9,2.9,2.4,3,3.1,2.6,61,15
STAT,ARTSC,Financial Principles II ACT370H1-S-LEC2001,Pesenti,Silvana,Winter,2024,3.3,3.4,2.9,2.8,3,2.6,2.9,3,2.4,25,8
STAT,ARTSC,Insurance Products ACT475H1-S-LEC0101,Zhang,Vicki,Winter,2024,4.9,4.9,4.9,4.8,4.9,4.6,4.9,3.6,4.6,18,8
STAT,ARTSC,Loss Models II ACT452H1-S-LEC0101,Lin,Xiaodong,Winter,2024,4.1,4.2,4.1,4.2,4.4,3.7,4.2,3.3,3.7,65,18
STAT,ARTSC,Meth Data Analysis STA302H1-S-LEC5101,Alexander,Rohan,Winter,2024,3.6,3.5,3.3,3.6,3.6,3.2,3.4,4.2,3.1,163,40
STAT,ARTSC,Methods Applied Stat STA442H1-S-LEC0101,Eadie,Gwendolyn,Winter,2024,4,4,4.7,3.9,3.9,3.7,4.3,3.4,3.9,21,7
STAT,ARTSC,Methods of Data Analysis II STA303H1-S-LEC0101,Khan,Mohammad,Winter,2024,4,4.1,4,3.9,4,3.7,4.1,3.5,3.6,179,58
STAT,ARTSC,Methods of Data Analysis II STA303H1-S-LEC0201,Khan,Mohammad,Winter,2024,3.9,3.9,3.9,3.9,3.9,3.5,4,3.4,3.5,218,79
STAT,ARTSC,Methods of Data Analysis II STA303H1-S-LEC5101,Khan,Mohammad,Winter,2024,4.2,4.2,4,4.1,4.1,3.8,4.1,3.5,3.6,221,59
STAT,ARTSC,"Prob, Stats & Data Analysis II STA238H1-S-LEC0101",Moon,Michael,Winter,2024,2.9,3,2.6,2.7,2.8,2.3,2.6,3.3,2.2,107,28
STAT,ARTSC,"Prob, Stats & Data Analysis II STA238H1-S-LEC0201",Selvaratnam,Selvakkadunko,Winter,2024,3,2.9,2.7,2.7,2.7,2.3,2.7,3.7,2.2,205,65
STAT,ARTSC,"Prob, Stats & Data Analysis II STA238H1-S-LEC0301",Moon,Michael,Winter,2024,2.9,2.9,2.4,2.6,2.7,2.1,2.5,3.3,2.1,201,70
STAT,ARTSC,"Prob, Stats & Data Analysis II STA238H1-S-LEC5101",Nieto-Barajas,Luis,Winter,2024,3.4,3.1,3.3,2.8,2.8,2.5,3.6,3.8,2.4,165,51
STAT,ARTSC,Probability and Statistics II STA261H1-S-LEC0101,Gronsbell,Jessica,Winter,2024,3.9,3.9,3.9,3.7,3.8,3.7,3.9,3.1,3.7,133,35
STAT,ARTSC,Probability and Statistics II STA261H1-S-LEC0201,Gronsbell,Jessica,Winter,2024,4.1,4.2,4.5,4.2,4.2,4.1,4.4,3.1,4.1,139,38
STAT,ARTSC,Probability and Statistics II STA261H1-S-LEC0301,Aghababaei Jazi,Omidali,Winter,2024,4.2,4.1,4.2,4.3,4.2,4.1,3.9,2.8,3.8,56,18
STAT,ARTSC,Probability I STA347H1-S-LEC0101,Brenner,David,Winter,2024,4.5,4.6,4.6,4.2,4.2,4.4,4.6,2.9,4.3,196,45
STAT,ARTSC,Stat Collaboration STA490Y1-Y-LEC0101,Leos Barajas,Vianey,Winter,2024,4.7,4.7,4.7,4.8,4.6,4.8,4.6,3.5,4.7,36,11
STAT,ARTSC,Stat Machine Learning II STA414H1-S-LEC0101,Zwiernik,Piotr,Winter,2024,4.5,4.5,4.6,4.4,4.5,4.3,4.5,3.5,4.4,65,28
STAT,ARTSC,Stat Machine Learning II STA414H1-S-LEC5101,Zwiernik,Piotr,Winter,2024,4.6,4.4,4.6,4.7,4.6,4.4,4.7,3.8,4.3,44,18
STAT,ARTSC,STAT Reasoning STA130H1-S-LEC0101,Speagle,Joshua,Winter,2024,4.3,4.3,4.3,4.2,4.1,3.9,4.3,3.6,3.9,259,98
STAT,ARTSC,Statistical Comput STA410H1-S-LEC5101,Schwartz,Scott,Winter,2024,3.7,3.6,3.7,2.9,2.7,3,4.4,4.1,2.7,40,15
STAT,ARTSC,Statistical Theory STA255H1-S-LEC0101,Franklin,Meredith,Winter,2024,3.5,3.5,3.2,3.3,3.4,2.9,3.2,3.5,2.9,212,62
STAT,ARTSC,Stats for Life Sci STA288H1-S-LEC0101,Singh,Jastaran,Winter,2024,3.4,3.5,3.5,3.1,3,2.4,3.6,4.1,2.3,95,33
STAT,ARTSC,Stats for Life Sci STA288H1-S-LEC0101,White,Bethany,Winter,2024,3.4,3.5,3.4,3.1,3,2.4,3.6,4.1,2.3,95,33
STAT,ARTSC,Stats for Life Sci STA288H1-S-LEC0201,Singh,Jastaran,Winter,2024,3.4,3.5,3.5,3.1,3.1,2.7,3.5,4,2.6,158,53
STAT,ARTSC,Stats for Life Sci STA288H1-S-LEC0201,White,Bethany,Winter,2024,3.4,3.5,3.5,3.1,3.1,2.7,3.6,4,2.6,158,53
STAT,ARTSC,Stochastic Processes STA447H1-S-LEC0101,Mou,Wenlong,Winter,2024,3.8,3.3,3.1,2.7,2.4,2.6,3,3.6,2.7,60,19
STAT,ARTSC,Time Series Analysis STA457H1-S-LEC0101,Selvaratnam,Selvakkadunko,Winter,2024,3.5,3.5,3.4,3.6,3.6,3.1,3.4,3.4,3.1,189,53
STAT,ARTSC,Time Series Analysis STA457H1-S-LEC0201,Selvaratnam,Selvakkadunko,Winter,2024,3.5,3.5,3.3,3.6,3.5,3.1,3.3,3.5,3.2,180,33
STAT,ARTSC,Applied Prob for Act Sci ACT350H1-F-LEC0101,Pesenti,Silvana,Fall,2023,3.8,4,3.8,4,4,3.5,4.1,2.9,3.5,22,11
STAT,ARTSC,Basic P&C Reserving ACT371H1-F-LEC5101,Charters,Nick,Fall,2023,5,4.4,4.8,4.2,4.4,4.2,4.4,4,4.2,23,5
STAT,ARTSC,Basic P&C Reserving ACT371H1-F-LEC5101,Orrett,Todd,Fall,2023,5,4.4,5,4.2,4.4,4.2,4.6,4,4.2,23,5
STAT,ARTSC,Design&Analysis of Experiment STA305H1-F-LEC0101,Singh,Murari,Fall,2023,2.8,3,2.2,3,2.9,2,2.1,3.4,1.9,80,24
STAT,ARTSC,Fund Invest & Credit ACT240H1-F-LEC0101,Badescu,Andrei,Fall,2023,3.4,3.5,2.9,2.9,3,2.8,3.1,3,2.7,110,35
STAT,ARTSC,Life Con II ACT348H1-F-LEC0101,Badescu,Andrei,Fall,2023,4.1,4.2,3.6,3.7,3.8,3.7,3.9,3.1,3.4,64,14
STAT,ARTSC,Loss Models ACT451H1-F-LEC0101,Lin,Xiaodong,Fall,2023,4.2,4.3,3.9,3.8,4,3.8,3.8,3.5,3.4,68,24
STAT,ARTSC,Math of Finance ACT230H1-F-LEC0101,Abdelrahman,Hassan,Fall,2023,3.8,4,4,3.8,3.7,3.8,3.9,3.1,3.6,107,44
STAT,ARTSC,Math Statistics I STA452H1-F-LEC0101,Brenner,David,Fall,2023,5,4.9,5,4.8,4.8,4.8,5,3.2,4.5,22,12
STAT,ARTSC,Meth Data Analysis STA302H1-F-LEC5101,Brown,Austin,Fall,2023,3.4,3.5,3.5,3.4,3.5,2.8,3.6,3.4,3,235,73
STAT,ARTSC,Meth Multivar Data STA437H1-F-LEC5101,Molkaraie,Mehdi,Fall,2023,3.9,3.9,3.9,3.7,3.6,3.5,4,3.1,3.5,209,43
STAT,ARTSC,Meth Multivar Data STA437H1-F-LEC5201,Molkaraie,Mehdi,Fall,2023,4.1,4,4.1,4.1,4,3.8,4.2,3.1,3.9,102,21
STAT,ARTSC,Methods Applied Stat STA442H1-F-LEC0101,Park,Jun Young,Fall,2023,4.2,4.2,3.6,3.8,3.6,3.6,3.8,3.9,3.7,50,16
STAT,ARTSC,Prac of Statistics I STA220H1-F-LEC0101,Selvaratnam,Selvakkadunko,Fall,2023,3.1,3.3,2.8,3.3,3.3,2.8,2.8,3.3,2.8,172,63
STAT,ARTSC,Prac of Statistics I STA220H1-F-LEC0201,Dong,Gracia,Fall,2023,3.6,3.8,3.9,3.6,3.7,3.4,4,3.3,3.3,182,87
STAT,ARTSC,Prac of Statistics I STA220H1-F-LEC5101,Yeung,Jessie,Fall,2023,3.8,4.1,4.2,3.9,4,3.7,4.1,3.4,3.6,196,77
STAT,ARTSC,Prob Stat Data I STA237H1-F-LEC0101,White,Bethany,Fall,2023,3.6,3.5,3.4,3.2,3.1,2.7,3.6,3.6,2.8,233,75
STAT,ARTSC,Prob Stat Data I STA237H1-F-LEC0201,Nieto-Barajas,Luis,Fall,2023,3.3,3.2,3,2.9,2.9,2.4,3.3,3.7,2.3,224,88
STAT,ARTSC,Prob Stat Data I STA237H1-F-LEC0301,Selvaratnam,Selvakkadunko,Fall,2023,3,2.9,2.6,2.8,2.8,2.2,2.6,3.5,2.2,231,98
STAT,ARTSC,Prob Stat Data I STA237H1-F-LEC5101,Selvaratnam,Selvakkadunko,Fall,2023,3.3,3.3,2.6,3.1,3.2,2.5,2.8,3.7,2.3,214,84
STAT,ARTSC,Prob Stat Data I STA237H1-F-LEC5201,Zhang,Archer Gong,Fall,2023,3.5,3.3,3.8,3.2,3.2,2.9,3.8,3.7,2.6,221,67
STAT,ARTSC,Probability and Statistics I STA257H1-F-LEC0101,Rosenthal,Jeffrey,Fall,2023,4.1,4.2,4.3,3.7,3.9,3.8,4.3,2.9,3.8,189,73
STAT,ARTSC,Probability and Statistics I STA257H1-F-LEC0201,Rosenthal,Jeffrey,Fall,2023,4.1,4.2,4.2,3.8,3.9,3.8,4.3,2.8,4,231,96
STAT,ARTSC,Probability I STA347H1-F-LEC0101,Zhou,Zhou,Fall,2023,4,3.8,3.7,3.6,3.8,3.5,3.9,3.3,3.5,77,19
STAT,ARTSC,Probability I STA347H1-F-LEC0201,Zhou,Zhou,Fall,2023,3.9,4.1,3.9,3.7,3.7,3.8,4.1,2.9,3.7,56,16
STAT,ARTSC,Probability I STA347H1-F-LEC2001,Zhou,Zhou,Fall,2023,3.6,4,3,3.8,4,3.4,3,3.6,2.4,26,5
STAT,ARTSC,Professional Exp in Act ScI ACT390H1-F-LEC0101,Zhang,Vicki,Fall,2023,4.2,4.3,4.5,4.2,4.2,4.5,4.8,2.5,4.7,27,6
STAT,ARTSC,Stat Machine Learning I STA314H1-F-LEC0101,Bing,Xin,Fall,2023,3.9,3.9,4,3.8,3.7,3.4,4,3.8,3.4,164,45
STAT,ARTSC,Stat Machine Learning I STA314H1-F-LEC0201,Bing,Xin,Fall,2023,4.2,3.9,3.8,3.7,3.6,3.5,4,4,3.4,167,48
STAT,ARTSC,STAT Reasoning STA130H1-F-LEC0101,Schwartz,Scott,Fall,2023,3.7,3.5,3.5,3.4,3.4,2.9,3.8,4.2,2.9,193,96
STAT,ARTSC,STAT Reasoning STA130H1-F-LEC0201,Schwartz,Scott,Fall,2023,4,3.8,3.7,3.6,3.7,3.2,4.1,4.1,3.1,250,148
STAT,ARTSC,Stochastic Methods ACT460H1-F-LEC0101,Coache,Anthony,Fall,2023,4.6,4.4,4.6,3.8,3.5,4.2,4.8,3.8,3.8,6,5
STAT,ARTSC,Stochastic Methods ACT460H1-F-LEC2001,Coache,Anthony,Fall,2023,3.7,3.9,3.4,3.5,3.6,3.5,3.6,3.3,3.1,24,10
STAT,ARTSC,Survey Sam & Obs Data STA304H1-F-LEC0101,Caetano,Samantha-Jo,Fall,2023,4.1,4.1,4.3,4.2,4.1,4,4.3,3.5,4.1,229,51
STAT,ARTSC,Survey Sam & Obs Data STA304H1-F-LEC0101,Somerset,Emily,Fall,2023,4.1,4.1,4.2,4.2,4.1,4,4.2,3.5,4.1,229,51
STAT,ARTSC,Survey Sam & Obs Data STA304H1-F-LEC0201,Caetano,Samantha-Jo,Fall,2023,4.1,4.1,4.3,4.1,4.2,4,4.4,3.6,4,249,47
STAT,ARTSC,Survey Sam & Obs Data STA304H1-F-LEC0201,Somerset,Emily,Fall,2023,4.1,4.1,4.3,4.1,4.2,4,4.4,3.6,4,249,47
STAT,ARTSC,Theory Sta Practice STA355H1-F-LEC0101,Knight,Keith,Fall,2023,3.8,3.5,3.5,3.5,3.3,3.1,3.8,3.7,3.2,188,40
STAT,ARTSC,Thinking Better with Stats STA197H1-F-LEC0101,Craiu,Radu,Fall,2023,3.3,3.1,3.1,3,3.4,2.5,2.7,2.5,2.2,22,11
STAT,ARTSC,Time Series Analysis STA457H1-F-LEC5101,Singh,Murari,Fall,2023,2.8,2.8,2.3,3,2.9,2.3,2.5,3.5,2.3,96,33
STAT,ARTSC,Top Actuarial Math ACT349H1-F-LEC0101,Tome,Jason,Fall,2023,3.8,3.8,3.9,3.4,3.5,3.4,3.9,3.4,3.3,46,16
STAT,ARTSC,Design&Analysis of Experiment STA305H1-S-LEC5101,Aghababaei Jazi,Omidali,Summer,2023,3.6,3.7,3.2,3.2,3.4,3.3,3.3,3.4,2.9,46,9
STAT,ARTSC,Financial Principles II ACT370H1-S-LEC5101,Yung,Otto,Summer,2023,4.6,4.5,4.6,4.2,4.4,4.3,4.5,3.8,4.3,12,11
STAT,ARTSC,Intro Life Conting I ACT247H1-S-LEC0101,Chan,Sophia,Summer,2023,4.5,4.8,4.8,4.8,4.8,4.5,4.5,3.6,4.3,9,8
STAT,ARTSC,Meth Data Analysis STA302H1-S-LEC5101,Asidianya,Nnenna,Summer,2023,3.1,3.3,3,3.2,3.2,2.7,3.2,3.3,2.6,154,26
STAT,ARTSC,Methods of Data Analysis II STA303H1-S-LEC0101,Somerset,Emily,Summer,2023,4.4,4.4,4.5,4.3,4.4,4.2,4.4,3.3,4.3,89,12
STAT,ARTSC,"Prob, Stats & Data Analysis II STA238H1-S-LEC0101",Markes,Sonia,Summer,2023,4.3,4.2,4,4.2,4.3,3.9,4.2,3,3.8,110,13
STAT,ARTSC,Probability and Statistics II STA261H1-S-LEC0101,Al Labadi,Luai,Summer,2023,4.6,4.7,4.8,4.7,4.7,4.7,4.7,2.9,4.5,67,15
STAT,ARTSC,Probability I STA347H1-S-LEC0101,Cheng,Ziteng,Summer,2023,4.1,4.3,4.4,4.1,4.3,4,3.6,3.4,3.1,40,7
STAT,ARTSC,Stat Machine Learning I STA314H1-S-LEC0101,Zhang,Ziang,Summer,2023,4.3,4.4,4.5,4.1,4.3,4.1,4.6,3.6,3.8,33,8
STAT,ARTSC,Time Series Analysis STA457H1-S-LEC5101,Mahdi,Esam,Summer,2023,3.2,3.1,2.8,3.1,3.3,2.6,3,3.3,2.9,58,9
STAT,ARTSC,Math of Finance ACT230H1-F-LEC0101,Abdelrahman,Hassan,Summer,2023,4.4,4.6,4.7,4.4,4.3,4.4,4.4,2.7,4.4,16,9
STAT,ARTSC,Meth Data Analysis STA302H1-F-LEC0101,Herrera Martin,Antonio,Summer,2023,4.3,4.4,4.4,4.4,4.3,4.1,4.5,3.2,4.3,182,21
STAT,ARTSC,Prac of Statistics I STA220H1-F-LEC0101,Selvaratnam,Selvakkadunko,Summer,2023,3.8,3.9,3.8,4.3,4.1,3.3,3.6,3.3,3.5,111,30
STAT,ARTSC,Prob Stat Data I STA237H1-F-LEC0101,Moon,Michael,Summer,2023,2.8,2.4,2.3,2.8,2.8,2,2.4,3.4,1.9,141,21
STAT,ARTSC,Probability and Statistics I STA257H1-F-LEC5101,Aghababaei Jazi,Omidali,Summer,2023,4,4.2,3.8,4.2,4.4,3.9,3.9,3.2,3.5,61,18
STAT,ARTSC,Applied Bayes Stat STA365H1-S-LEC0101,Babic,Boris,Winter,2023,4.1,4.1,4,3.8,3.8,3.6,4.1,2.7,3.6,167,27
STAT,ARTSC,Credibility & Simulatn ACT466H1-S-LEC0101,Badescu,Andrei,Winter,2023,4.3,4.5,4,3.7,4,4,4.3,3.2,4,15,6
STAT,ARTSC,Data Science I JSC270H1-S-LEC0101,Nobre,Carolina,Winter,2023,4.6,4.7,4.9,4.4,4.6,4.8,5,3.3,4.8,36,12
STAT,ARTSC,Data Science II JSC370H1-S-LEC0101,Franklin,Meredith,Winter,2023,3.9,3.7,4.3,4,4.1,3.6,4,3.6,3.4,19,7
STAT,ARTSC,Design&Analysis of Experiment STA305H1-S-LEC0101,Singh,Murari,Winter,2023,3.8,4.2,3.4,4.2,4.2,3.4,3.7,4,3.2,91,12
STAT,ARTSC,Design&Analysis of Experiment STA305H1-S-LEC0201,Singh,Murari,Winter,2023,3.1,2.8,2.4,3,3.1,2.5,2.5,3.8,2.4,107,20
STAT,ARTSC,Financial Principles I ACT245H1-S-LEC0101,Wang,Yu,Winter,2023,3.8,3.8,3.2,3.5,3.6,3.1,3.4,3.1,3.2,82,12
STAT,ARTSC,Financial Principles II ACT370H1-S-LEC0101,Pesenti,Silvana,Winter,2023,3.4,3.5,3.2,3.1,3.4,2.8,3.3,2.4,2.7,49,17
STAT,ARTSC,Insurance Products ACT475H1-S-LEC0101,Zhang,Vicki,Winter,2023,4.6,4.7,4.7,4.8,4.8,4.4,4.8,3.8,4.3,18,9
STAT,ARTSC,Intro Life Conting I ACT247H1-S-LEC0101,Singer,Basil,Winter,2023,4.1,4,4,4.2,4.1,3.7,4.3,3.5,3.3,80,11
STAT,ARTSC,Loss Models II ACT452H1-S-LEC0101,Lin,Xiaodong,Winter,2023,4.4,4.3,4.6,4.2,4.2,4.2,4.5,3.2,4.2,71,18
STAT,ARTSC,Math Statistics II STA453H1-S-LEC0101,Brenner,David,Winter,2023,5,5,5,5,5,5,5,3.2,5,9,5
STAT,ARTSC,Meth Data Analysis STA302H1-S-LEC5101,Khan,Mohammad,Winter,2023,4.3,4.1,3.9,4,4,3.6,4.1,3.6,3.6,216,29
STAT,ARTSC,Meth Multivar Data STA437H1-S-LEC0101,Knight,Keith,Winter,2023,4.5,4.3,4,4.3,4.3,4.2,4.3,3.8,4,73,6
STAT,ARTSC,Meth Multivar Data STA437H1-S-LEC0201,Knight,Keith,Winter,2023,4.3,4.3,4.5,4.4,4.4,4.3,4.3,3.3,4.2,175,23
STAT,ARTSC,Methods Applied Stat STA442H1-S-LEC0201,Khan,Mohammad,Winter,2023,4.2,4.2,3.8,4.6,4.6,4,4.2,3,4.4,28,5
STAT,ARTSC,Methods of Data Analysis II STA303H1-S-LEC0101,Mahdi,Esam,Winter,2023,3.9,3.9,3.5,3.9,3.9,3.4,3.5,3.2,3.6,213,35
STAT,ARTSC,Methods of Data Analysis II STA303H1-S-LEC0201,Mahdi,Esam,Winter,2023,3.8,4,3.9,4.1,4.2,3.7,3.8,3.4,3.7,232,38
STAT,ARTSC,Prac of Statistics I STA220H1-S-LEC5101,Tuzhilina,Elena,Winter,2023,3.8,4,4.3,3.8,4,3.7,4.2,3.4,3.4,172,49
STAT,ARTSC,"Prob, Stats & Data Analysis II STA238H1-S-LEC0101",Selvaratnam,Selvakkadunko,Winter,2023,3.9,4.1,4.1,4.2,4.2,3.8,3.9,3.3,3.8,179,58
STAT,ARTSC,"Prob, Stats & Data Analysis II STA238H1-S-LEC0201",Selvaratnam,Selvakkadunko,Winter,2023,3.8,3.9,3.7,4,3.9,3.6,3.6,3.2,3.6,226,78
STAT,ARTSC,"Prob, Stats & Data Analysis II STA238H1-S-LEC0301",Selvaratnam,Selvakkadunko,Winter,2023,3.7,3.7,3.5,4.2,4.3,3.4,3.4,3,3.6,223,73
STAT,ARTSC,"Prob, Stats & Data Analysis II STA238H1-S-LEC5101",Selvaratnam,Selvakkadunko,Winter,2023,3.9,3.9,3.5,3.8,3.9,3.4,3.4,3.3,3.4,114,26
STAT,ARTSC,Probability and Statistics II STA261H1-S-LEC0101,Cheng,Ziteng,Winter,2023,3.2,2.9,2.6,2.7,3,2.3,2.4,3,2.3,131,34
STAT,ARTSC,Probability and Statistics II STA261H1-S-LEC0201,Cheng,Ziteng,Winter,2023,2.7,2.5,2.1,2.7,2.8,2.1,2,2.9,2.2,81,19
STAT,ARTSC,Probability I STA347H1-S-LEC0101,Brenner,David,Winter,2023,4.2,4.2,4.5,3.9,3.6,4,4.5,3,3.7,115,21
STAT,ARTSC,Stat Collaboration STA490Y1-Y-LEC0101,Bolton,Liza,Winter,2023,4.6,4.9,4.8,4.7,4.7,4.8,4.9,3.4,4.8,37,13
STAT,ARTSC,Stat Machine Learning II STA414H1-S-LEC0101,Zwiernik,Piotr,Winter,2023,4.7,4.6,4.8,4.4,4.3,4.3,4.7,3.5,4.6,58,13
STAT,ARTSC,Stat Machine Learning II STA414H1-S-LEC5101,Erdogdu,Murat,Winter,2023,4.2,4.1,4.3,4.3,4.2,3.8,4.3,3.8,3.8,43,12
STAT,ARTSC,STAT Reasoning STA130H1-S-LEC0101,Speagle,Joshua,Winter,2023,3.5,3.4,3.3,3.4,3.5,2.9,3.6,4,2.9,258,53
STAT,ARTSC,STAT Reasoning STA130H1-S-LEC0201,Speagle,Joshua,Winter,2023,3.6,3.6,3.6,3.6,3.6,3.1,3.8,3.9,3.1,264,53
STAT,ARTSC,Statistical Comput STA410H1-S-LEC5101,Schwartz,Scott,Winter,2023,4.7,4.5,4.7,4.5,4.8,4.3,4.8,4,3.7,35,6
STAT,ARTSC,Statistical Theory STA255H1-S-LEC0101,Franklin,Meredith,Winter,2023,3.2,3,2.8,2.7,2.8,2.3,3.1,3.6,2.2,205,37
STAT,ARTSC,Stats for Life Sci STA288H1-S-LEC0101,Singh,Jastaran,Winter,2023,3.1,3.3,3.8,3.1,2.9,2.7,3.7,3.7,2.9,102,31
STAT,ARTSC,Stats for Life Sci STA288H1-S-LEC0102,Singh,Jastaran,Winter,2023,3.2,3.4,3.6,3,3,2.5,3.7,3.8,2.5,93,32
STAT,ARTSC,Stochastic Processes STA447H1-S-LEC0101,Aghababaei Jazi,Omidali,Winter,2023,4.3,4.2,3.6,3.9,3.4,3.5,3.9,3.5,3.6,47,14
STAT,ARTSC,Time Series Analysis STA457H1-S-LEC0101,Mahdi,Esam,Winter,2023,3.8,3.7,3.4,3.8,3.6,3.3,3.6,3.4,3.1,172,20
STAT,ARTSC,Time Series Analysis STA457H1-S-LEC0201,Mahdi,Esam,Winter,2023,3.7,3.7,3.4,3.4,3.2,3.1,3.5,3.5,3.2,174,31
STAT,ARTSC,Adv Life Contingen ACT348H1-F-LEC0101,Badescu,Andrei,Fall,2022,3.9,4,4.1,3.5,3.5,3.3,4.1,3.5,2.9,52,15
STAT,ARTSC,Applied Prob for Act Sci ACT350H1-F-LEC0101,Pesenti,Silvana,Fall,2022,4,4.2,4.5,3.8,3.8,3.7,4.2,3.5,3.2,31,6
STAT,ARTSC,Basic P&C Reserving ACT371H1-F-LEC5101,Orrett,Todd,Fall,2022,4.8,5,5,5,5,4.8,5,3.8,4.8,32,6
STAT,ARTSC,Basic P&C Reserving ACT371H1-F-LEC5101,So,Fiona,Fall,2022,4.8,5,5,5,5,4.8,4.8,3.8,4.8,32,6
STAT,ARTSC,Data Visualization STA313H1-F-LEC0101,Chevalier,Fanny,Fall,2022,4.1,4.2,4.5,4.1,4.2,4.1,4.4,3.6,4,114,32
STAT,ARTSC,Data Visualization STA313H1-F-LEC0201,Chevalier,Fanny,Fall,2022,4.3,4.3,4.4,4,4,3.8,4.4,3.8,3.9,119,28
STAT,ARTSC,Design&Analysis of Experiment STA305H1-F-LEC0101,Singh,Murari,Fall,2022,2.5,2.7,2,2.9,3,1.9,2.1,3.7,1.6,90,18
STAT,ARTSC,Fund Invest & Credit ACT240H1-F-LEC0101,Zhang,Yuchong,Fall,2022,3.8,3.7,3.4,2.8,2.7,2.6,3.3,3.8,2.5,99,83
STAT,ARTSC,Loss Models ACT451H1-F-LEC0101,Lin,Xiaodong,Fall,2022,4,4.1,4,4,4,3.7,4,3.6,3.4,67,21
STAT,ARTSC,Math of Finance ACT230H1-F-LEC5101,Badescu,Andrei,Fall,2022,4.3,3.8,4,3.3,3.7,3.7,4.2,2.7,3.7,70,6
STAT,ARTSC,Math Statistics I STA452H1-F-LEC0101,Brenner,David,Fall,2022,5,5,5,5,5,5,5,3,4.7,22,6
STAT,ARTSC,Meth Data Analysis STA302H1-F-LEC5101,Khan,Mohammad,Fall,2022,3.3,3.2,3.2,3.3,3.3,2.7,3.4,3.7,2.8,229,32
STAT,ARTSC,Meth Multivar Data STA437H1-F-LEC5101,Molkaraie,Mehdi,Fall,2022,4.2,4.2,3.9,4.2,4.1,3.8,4,3.3,3.9,162,21
STAT,ARTSC,Methods Applied Stat STA442H1-F-LEC0101,Park,Jun Young,Fall,2022,4.2,4,3.7,3.9,3.9,3.6,3.7,3.5,3.6,64,18
STAT,ARTSC,Prac of Statistics I STA220H1-F-LEC0101,Singh,Murari,Fall,2022,2.6,2.8,1.8,3,3,2,2,3.2,1.8,141,41
STAT,ARTSC,Prac of Statistics I STA220H1-F-LEC0201,Singh,Murari,Fall,2022,2.6,2.5,1.5,3,3.1,1.7,1.7,3.2,1.7,151,48
STAT,ARTSC,Prob Comp Appl STA247H1-F-LEC0101,Huynh Wong,Karen,Fall,2022,4,4.1,4,4,3.8,3.5,4.2,3.6,3.2,225,43
STAT,ARTSC,Prob Comp Appl STA247H1-F-LEC0201,Huynh Wong,Karen,Fall,2022,3.6,3.9,4.3,3.6,3.8,3.6,4.1,3.1,3.6,163,25
STAT,ARTSC,Prob Stat Data I STA237H1-F-LEC0101,Selvaratnam,Selvakkadunko,Fall,2022,3.2,3.2,2.7,3,2.9,2.4,2.7,3.3,2.5,233,47
STAT,ARTSC,Prob Stat Data I STA237H1-F-LEC0201,Selvaratnam,Selvakkadunko,Fall,2022,3.2,3,2.6,3,2.8,2.4,2.7,3.2,2.6,248,59
STAT,ARTSC,Prob Stat Data I STA237H1-F-LEC0301,Selvaratnam,Selvakkadunko,Fall,2022,3,3.2,2.6,3.1,3,2.5,2.7,3.2,2.5,255,67
STAT,ARTSC,Probability and Statistics I STA257H1-F-LEC0101,Rosenthal,Jeffrey,Fall,2022,4.4,4.7,4.5,4.3,4.4,4.3,4.6,2.8,4.4,139,41
STAT,ARTSC,Probability and Statistics I STA257H1-F-LEC0201,Rosenthal,Jeffrey,Fall,2022,4.4,4.6,4.4,4.2,4.4,4.2,4.4,2.9,4.3,144,54
STAT,ARTSC,Probability I STA347H1-F-LEC0101,Khan,Mohammad,Fall,2022,4.3,4.5,4.2,4.3,4.3,4,4.4,3.2,3.9,109,30
STAT,ARTSC,Probability I STA347H1-F-LEC0201,Khan,Mohammad,Fall,2022,4,4,3.9,3.9,3.9,3.7,4.1,3.5,3.4,113,34
STAT,ARTSC,Probability I STA347H1-F-LEC2001,Khan,Mohammad,Fall,2022,3.3,2.7,1.8,2.3,2.3,1.6,2.3,3.3,1.2,20,9
STAT,ARTSC,Professional Exp in Act ScI ACT390H1-F-LEC0101,Zhang,Vicki,Fall,2022,5,5,5,4.9,4.7,5,5,3.1,5,29,7
STAT,ARTSC,Stat Machine Learning I STA314H1-F-LEC0101,Bing,Xin,Fall,2022,4.1,3.9,3.8,3.6,3.6,3.5,3.8,4,3.3,144,33
STAT,ARTSC,Stat Machine Learning I STA314H1-F-LEC0201,Bing,Xin,Fall,2022,3.9,4.1,3.9,3.7,3.6,3.4,4,3.8,3.5,149,35
STAT,ARTSC,STAT Reasoning STA130H1-F-LEC0101,Schwartz,Scott,Fall,2022,3.5,3.2,3.1,3,3,2.7,3.5,3.9,2.7,255,70
STAT,ARTSC,STAT Reasoning STA130H1-F-LEC0201,Schwartz,Scott,Fall,2022,3.6,3.3,3.3,3.1,3.3,2.7,3.7,3.9,2.8,258,66
STAT,ARTSC,Stochastic Methods ACT460H1-F-LEC2001,Lin,Xiaodong,Fall,2022,3.4,2.6,2.2,3.2,3.2,1.8,2.4,3.4,1.6,13,5
STAT,ARTSC,Survey Sam & Obs Data STA304H1-F-LEC0101,Caetano,Samantha-Jo,Fall,2022,4.3,4.3,4.6,4.4,4.4,4.3,4.6,3.5,4.3,219,36
STAT,ARTSC,Survey Sam & Obs Data STA304H1-F-LEC0201,Caetano,Samantha-Jo,Fall,2022,4.5,4.5,4.7,4.5,4.5,4.3,4.5,3.6,4.2,222,27
STAT,ARTSC,Theory Sta Practice STA355H1-F-LEC0101,Knight,Keith,Fall,2022,4.3,4.2,4,4.1,4,3.8,4.3,3.7,3.2,136,21
STAT,ARTSC,Top Actuarial Math ACT349H1-F-LEC0101,Tome,Jason,Fall,2022,4.5,4.5,4.5,4.2,4.7,4.2,4.8,3.7,4.3,34,6
STAT,ARTSC,Design&Analysis of Experiment STA305H1-F-LEC0101,Espin Garcia,Osvaldo,Summer,2022,4.1,3.9,3.9,4,4,3.5,3.8,3.3,3.5,99,34
STAT,ARTSC,Fund Invest & Credit ACT240H1-F-LEC5101,Calcetero Vanegas,Sebastian,Summer,2022,3.8,4,3.8,3.8,4,4,3.8,3.2,3.6,26,5
STAT,ARTSC,Prac of Statistics I STA220H1-F-LEC0101,Selvaratnam,Selvakkadunko,Summer,2022,3.9,4.2,4,4.4,4.2,3.7,3.6,3,3.8,68,25
STAT,ARTSC,Prob Stat Data I STA237H1-F-LEC0101,Moon,Michael,Summer,2022,3.1,3.1,2.5,2.7,2.7,2.1,2.5,3.5,2.5,160,46
STAT,ARTSC,Probability and Statistics I STA257H1-F-LEC5101,Gunasingam,Madhu,Summer,2022,4.1,4.1,3.7,3.8,3.4,3.4,3.9,4,3.2,47,20
STAT,ARTSC,Financial Principles II ACT370H1-S-LEC5101,Yung,Otto,Summer,2022,4.5,4.8,4.8,4.4,4.5,4.6,4.7,3.6,4.1,10,10
STAT,ARTSC,Methods of Data Analysis II STA303H1-S-LEC0101,Slater,Justin,Summer,2022,4.6,4.7,4.8,4.8,4.6,4.5,4.8,3.4,4.6,98,21
STAT,ARTSC,Probabilty and Statistics II STA261H1-S-LEC0101,Zimmerman,Robert,Summer,2022,4.8,4.5,4.5,4.3,4.5,4.2,4.3,4.1,4,55,13
STAT-ARTSC,ARTSC,Applied Bayes Stat STA365H1-S-LEC0101,Babic,Boris,Winter,2022,3.7,3.8,2.9,3.5,3.4,3,3.1,3.2,3.1,116,24
STAT-ARTSC,ARTSC,Data Science I JSC270H1-S-LEC0101,Gronsbell,Jessica,Winter,2022,4.2,4.2,4.3,4.5,4.3,4.2,4.2,3.3,3,22,6
STAT-ARTSC,ARTSC,Design&Analysis of Experiment STA305H1-S-LEC0101,Singh,Murari,Winter,2022,2.8,2.6,2.1,2.8,2.9,2,2.3,3.4,2,89,14
STAT-ARTSC,ARTSC,Design&Analysis of Experiment STA305H1-S-LEC0201,Singh,Murari,Winter,2022,3.3,2.9,2.1,3,2.9,2.2,2.4,2.9,2.2,95,14
STAT-ARTSC,ARTSC,Financial Principles I ACT245H1-S-LEC0101,Wang,Yu,Winter,2022,3.4,3.3,3.2,3.3,3.6,3,3,2.9,3.1,82,10
STAT-ARTSC,ARTSC,Financial Principles II ACT370H1-S-LEC0101,Shipilov,Alexander,Winter,2022,4.3,4.2,4.3,4.3,4.4,4.2,4.5,3.5,4.3,64,10
STAT-ARTSC,ARTSC,Intro Life Conting I ACT247H1-S-LEC0101,Singer,Basil,Winter,2022,4,4.3,4.2,4.2,3.9,3.7,4.2,3.4,3.9,82,11
STAT-ARTSC,ARTSC,Loss Models II ACT452H1-S-LEC0101,Lin,Xiaodong,Winter,2022,4.2,4.3,4.2,4.2,4.2,4.2,4.2,3.7,3.8,53,6
STAT-ARTSC,ARTSC,Meth Multivar Data STA437H1-S-LEC0101,Zhou,Zhou,Winter,2022,4,4.3,3.7,3.7,3.7,3.4,3.4,3.1,3.4,62,7
STAT-ARTSC,ARTSC,Methods Applied Stat STA442H1-S-LEC0101,Murray,Joshua,Winter,2022,4.2,4.1,4.4,4.2,4.1,4.1,4.4,3.4,4.2,105,15
STAT-ARTSC,ARTSC,Methods of Data Analysis II STA303H1-S-LEC0101,Bolton,Liza,Winter,2022,4.2,4.1,4.4,4.2,4.3,4,4.6,3.5,4.1,288,46
STAT-ARTSC,ARTSC,Methods of Data Analysis II STA303H1-S-LEC0201,Bolton,Liza,Winter,2022,4.2,4,4.4,4,3.9,3.9,4.5,3.4,3.9,298,31
STAT-ARTSC,ARTSC,Prac of Statistics I STA220H1-S-LEC0101,Selvaratnam,Selvakkadunko,Winter,2022,3.4,3.6,2.9,3.8,4,3.1,3,3.1,3.2,138,42
STAT-ARTSC,ARTSC,Prac of Statistics I STA220H1-S-LEC5101,Selvaratnam,Selvakkadunko,Winter,2022,3.7,3.9,3.7,4.2,4.3,3.6,3.5,3.3,3.8,132,38
STAT-ARTSC,ARTSC,Probabilty and Statistics II STA261H1-S-LEC0101,Khan,Mohammad,Winter,2022,3.3,3.1,2.9,3.2,3.2,2.6,2.9,3.3,2.5,264,41
STAT-ARTSC,ARTSC,Probabilty and Statistics II STA261H1-S-LEC5101,Khan,Mohammad,Winter,2022,3.5,3.6,3.2,3.4,3.3,2.8,3,3.2,2.9,147,21
STAT-ARTSC,ARTSC,Stat Collaboration STA490Y1-Y-LEC0101,Bolton,Liza,Winter,2022,4.8,4.8,4.8,4.8,4.8,4.8,5,3.3,4.8,25,5
STAT-ARTSC,ARTSC,Stat Collaboration STA490Y1-Y-LEC0102,Moon,Michael,Winter,2022,4.1,4,4.7,4.4,4.4,4.4,4.6,3.1,4.3,22,7
STAT-ARTSC,ARTSC,Stat Machine Learning II STA414H1-S-LEC0101,Duvenaud,David,Winter,2022,4.4,4.4,4.3,4.5,4.3,4.2,4.6,3.8,4.2,64,20
STAT-ARTSC,ARTSC,Stat Machine Learning II STA414H1-S-LEC0101,Malyska,Michal,Winter,2022,4.4,4.3,4.4,4.5,4.2,4,4.6,3.8,4.1,64,15
STAT-ARTSC,ARTSC,Stat Machine Learning II STA414H1-S-LEC5101,Duvenaud,David,Winter,2022,5,4.5,5,4.8,4.6,4.4,4.9,3.7,4.4,36,9
STAT-ARTSC,ARTSC,Stat Machine Learning II STA414H1-S-LEC5101,Malyska,Michal,Winter,2022,5,4.5,4.9,4.8,4.6,4.4,4.8,3.7,4.4,36,9
STAT-ARTSC,ARTSC,STAT Reasoning STA130H1-S-LEC9901,Caetano,Samantha-Jo,Winter,2022,4.1,4.3,4.4,4,4.1,4,4.6,3.7,4,267,53
STAT-ARTSC,ARTSC,STAT Reasoning STA130H1-S-LEC9902,Schwartz,Scott,Winter,2022,4.2,4.3,4,4.3,4.3,3.9,4.3,3.7,3.9,264,64
STAT-ARTSC,ARTSC,Statistical Comput STA410H1-S-LEC0101,Schwartz,Scott,Winter,2022,3.8,3.4,3.3,2.8,3.3,2.5,3.9,4.8,2,31,12
STAT-ARTSC,ARTSC,Statistical Comput STA410H1-S-LEC5101,Schwartz,Scott,Winter,2022,3.6,3.6,3.4,3.3,3.1,2.7,3.4,4.5,2.7,28,10
STAT-ARTSC,ARTSC,Statistical Theory STA255H1-S-LEC0101,Khan,Mohammad,Winter,2022,2.5,2.8,2.2,2.6,2.5,2.1,2.3,3.5,2.2,74,13
STAT-ARTSC,ARTSC,Statistical Theory STA255H1-S-LEC0201,Khan,Mohammad,Winter,2022,2.7,2.8,2.3,3,3.3,2.3,2.4,3.3,2.2,81,10
STAT-ARTSC,ARTSC,Stats For Comp Sci STA248H1-S-LEC0101,Selvaratnam,Selvakkadunko,Winter,2022,3.5,3.6,3.3,4,4.2,3.2,3.1,2.9,3.3,98,36
STAT-ARTSC,ARTSC,Stats for Life Sci STA288H1-S-LEC0102,Singh,Jastaran,Winter,2022,3.7,3.9,4,3.4,3.3,3.3,4,3.8,3.2,112,40
STAT-ARTSC,ARTSC,Stochastic Processes STA447H1-S-LEC5101,Park,Jun Young,Winter,2022,3.7,3.7,3.3,3.1,3.2,3,3.1,3.2,2.8,55,25
STAT-ARTSC,ARTSC,Survey Sam & Obs Data STA304H1-S-LEC0101,Alexander,Rohan,Winter,2022,4.2,4.3,4.3,4.1,4,3.9,4.5,3.8,4,161,24
STAT-ARTSC,ARTSC,Theory Sta Practice STA355H1-S-LEC0101,Knight,Keith,Winter,2022,4.4,4.2,4.4,4.4,4.4,4.3,4.6,3.5,4.3,194,21
STAT-ARTSC,ARTSC,Time Series Analysis STA457H1-S-LEC0101,Nadarajah,Tharshanna,Winter,2022,2.8,3.1,2.6,3,2.9,2.3,2.4,3.9,2.4,197,18
STAT-ARTSC,ARTSC,Time Series Analysis STA457H1-S-LEC5101,Nadarajah,Tharshanna,Winter,2022,3.5,3.6,3.1,3.1,3.3,2.8,3,3.4,2.9,202,23
STAT-ARTSC,ARTSC,Topics in Stat & Prob STA450H1-S-LEC0101,Brown,Patrick,Winter,2022,3.9,3.7,3.9,3.9,3.9,3.7,3.9,3.4,3.7,23,7
